sample_id,current_x,current_y,future_x,future_y
0,587.89905,1457.539,586.1107,1457.5442
0,520.3067,1454.3931,584.3084,1457.563
0,500.15338,1454.7087,582.52075,1457.5742
0,509.8304,1451.3147,580.7489,1457.5859
0,531.9753,1458.0836,578.9345,1457.5936
0,571.5845,1450.7574,577.1942,1457.6135
0,616.47815,1450.9628,575.4021,1457.6238
0,616.706,1457.4578,573.6589,1457.6333
0,495.7846,1460.736,571.8766,1457.6381
0,-1.0,-1.0,570.10583,1457.6414
1,1918.599,-599.4909,1918.599,-599.4909
1,1923.9851,-609.884,1918.599,-599.4909
1,1922.7001,-599.68976,1918.599,-599.4909
1,1925.0298,-597.89307,1918.599,-599.4909
1,1904.3778,-592.8817,1918.599,-599.4909
1,1903.5217,-597.3232,1918.599,-599.4909
1,1899.0021,-592.1984,1918.599,-599.4909
1,1909.8467,-589.7042,1918.599,-599.4909
1,1904.9711,-584.8182,1918.599,-599.4909
1,1907.0913,-585.0408,1918.599,-599.4909
2,6555.12,-5579.011,6555.088,-5577.067
2,6556.1133,-5627.9785,6555.061,-5575.1045
2,6551.097,-5540.524,6555.021,-5573.168
2,6555.428,-5608.5913,6555.0073,-5571.228
2,6552.0264,-5595.413,6554.966,-5569.2856
2,6545.44,-5627.703,6554.952,-5567.3647
2,6552.477,-5634.5835,6554.928,-5565.4385
2,6516.3193,-5599.674,6554.898,-5563.504
2,6520.7944,-5637.6357,6554.8687,-5561.5425
2,6512.0796,-5595.23,6554.8545,-5559.58
3,-2402.0515,-1110.9971,-2402.5168,-1110.3661
3,-2389.0671,-1133.6707,-2402.998,-1109.7296
3,-2418.713,-1176.6901,-2403.4817,-1109.0834
3,-2376.799,-1122.106,-2403.9854,-1108.4286
3,-2377.5564,-1157.5427,-2404.498,-1107.7672
3,-2464.6174,-1163.3622,-2405.0115,-1107.132
3,-2383.1392,-1120.0,-2405.5159,-1106.5237
3,-2404.1528,-1121.5602,-2406.0554,-1105.8954
3,-2400.5803,-1120.617,-2406.5872,-1105.3071
3,-2404.0286,-1115.3715,-2407.1536,-1104.6973
4,4403.1987,-4337.6343,4403.0303,-4336.3154
4,4406.783,-4371.238,4402.869,-4335.0015
4,4385.2603,-4330.584,4402.6987,-4333.7
4,4357.426,-4326.5444,4402.543,-4332.4023
4,4399.601,-4303.0728,4402.372,-4331.099
4,4351.525,-4324.848,4402.213,-4329.8164
4,4352.614,-4311.8135,4402.0503,-4328.5337
4,4345.902,-4323.403,4401.887,-4327.2427
4,4421.1777,-4304.2544,4401.7256,-4325.9507
4,4340.186,-4308.6704,4401.564,-4324.6777
5,2116.2295,-1592.6757,2116.2446,-1592.0912
5,2099.9045,-1595.8611,2116.2622,-1591.4797
5,2109.4995,-1611.0857,2116.294,-1590.8505
5,2119.0718,-1633.4479,2116.3252,-1590.221
5,2099.3752,-1622.186,2116.3623,-1589.5757
5,2082.9907,-1620.8177,2116.3984,-1588.8906
5,2067.082,-1637.8203,2116.442,-1588.2062
5,2147.0183,-1639.1677,2116.4841,-1587.5084
5,2131.497,-1615.7831,2116.5374,-1586.7867
5,2133.4487,-1608.9989,2116.5852,-1586.0549
6,5381.53,9405.087,5381.6006,9405.972
6,5376.4053,9446.76,5381.6694,9406.899
6,5373.619,9446.264,5381.734,9407.803
6,5376.8975,9434.667,5381.797,9408.73
6,5386.0996,9436.593,5381.854,9409.646
6,5378.684,9380.852,5381.9043,9410.5625
6,5377.121,9402.414,5381.9507,9411.473
6,5397.5312,9370.074,5381.9976,9412.394
6,5403.4517,9391.002,5382.0312,9413.314
6,5397.75,9360.749,5382.067,9414.207
7,2502.8909,-4208.557,2502.8994,-4208.2036
7,2502.6343,-4216.9956,2502.9016,-4207.8237
7,2495.3354,-4205.6177,2502.9102,-4207.438
7,2498.95,-4211.2534,2502.9092,-4207.031
7,2515.2173,-4209.098,2502.914,-4206.6157
7,2517.7612,-4208.897,2502.92,-4206.1772
7,2534.857,-4207.15,2502.9238,-4205.7373
7,2459.3948,-4193.3936,2502.9294,-4205.248
7,2473.2205,-4165.894,2502.936,-4204.767
7,2548.619,-4192.309,2502.9375,-4204.266
8,-495.0395,-414.058,-495.4599,-414.9687
8,-515.0681,-462.93967,-495.85284,-415.78125
8,-525.6862,-447.3873,-496.25555,-416.60657
8,-502.49335,-422.28937,-496.6544,-417.49115
8,-509.18558,-471.93628,-497.09613,-418.34686
8,-496.11017,-395.70764,-497.5021,-419.17865
8,-502.32187,-479.46393,-497.8919,-420.06595
8,-535.44745,-471.34094,-498.28207,-420.92957
8,-503.13763,-430.25415,-498.6805,-421.75604
8,-506.39185,-424.0194,-499.08316,-422.5792
9,1051.1547,-2763.778,1049.0729,-2763.7708
9,1089.7783,-2767.2627,1046.9673,-2763.7542
9,1081.6583,-2770.8318,1044.8752,-2763.7402
9,1049.0754,-2770.2808,1042.7959,-2763.7224
9,-1.0,-1.0,1040.6962,-2763.7048
9,-1.0,-1.0,1038.6013,-2763.6882
9,-1.0,-1.0,1036.5249,-2763.6672
9,-1.0,-1.0,1034.4536,-2763.6377
9,-1.0,-1.0,1032.368,-2763.6204
9,-1.0,-1.0,1030.2734,-2763.597
10,-6284.8223,-9401.862,-6286.854,-9401.912
10,-6245.794,-9401.334,-6288.9014,-9401.931
10,-6232.559,-9412.51,-6290.952,-9401.974
10,-6232.395,-9376.855,-6292.999,-9402.001
10,-6229.405,-9376.94,-6295.0557,-9402.041
10,-6226.62,-9376.595,-6297.1045,-9402.068
10,-6242.9985,-9368.289,-6299.145,-9402.107
10,-6223.937,-9376.309,-6301.1675,-9402.138
10,-6245.307,-9366.692,-6303.188,-9402.188
10,-6246.9863,-9364.447,-6305.213,-9402.222
11,5205.116,1373.0702,5205.133,1373.2255
11,5247.917,1405.4288,5205.1567,1373.3868
11,5205.128,1386.5529,5205.185,1373.5902
11,5203.81,1382.3938,5205.218,1373.802
11,5204.9736,1400.0859,5205.264,1374.046
11,5211.908,1400.3237,5205.3228,1374.3169
11,5201.536,1404.3593,5205.394,1374.5968
11,5200.3115,1368.5654,5205.4766,1374.8937
11,5218.7007,1404.3573,5205.5664,1375.2101
11,5180.0757,1396.2521,5205.6846,1375.5417
12,8556.71,6292.9175,8555.015,6292.8936
12,8538.933,6292.948,8553.375,6292.8813
12,8523.753,6289.12,8551.725,6292.863
12,8529.718,6300.9854,8550.054,6292.8467
12,8583.026,6290.0156,8548.377,6292.8237
12,8561.069,6322.288,8546.734,6292.814
12,8544.88,6255.5137,8545.065,6292.8066
12,8526.79,6262.3994,8543.396,6292.793
12,8526.757,6325.6245,8541.739,6292.7754
12,-1.0,-1.0,8540.057,6292.769
13,10005.379,637.4492,10005.36,637.45013
13,10061.9,655.6031,10005.375,637.45056
13,10036.044,684.898,10005.365,637.44635
13,10040.375,626.21216,10005.357,637.44934
13,10052.939,625.87225,10005.359,637.4485
13,10055.982,626.9428,10005.365,637.4476
13,10056.222,619.5355,10005.366,637.4486
13,10052.924,618.61096,10005.351,637.45013
13,10050.086,615.06,10005.358,637.45026
13,10042.036,632.38434,10005.363,637.452
14,1226.5249,1125.3427,1226.4526,1124.55
14,1266.9541,1101.7578,1226.4191,1123.7933
14,1200.6886,1119.3223,1226.4095,1123.013
14,1276.1411,1104.4989,1226.4318,1122.245
14,1181.1758,1141.7094,1226.4861,1121.4623
14,1258.8009,1101.6987,1226.5717,1120.6912
14,1283.6825,1113.894,1226.6874,1119.9298
14,1234.4028,1106.5916,1226.828,1119.1838
14,1243.2201,1110.5525,1227.0066,1118.4427
14,1247.912,1113.8914,1227.2113,1117.6929
15,-4675.226,3082.2942,-4675.8687,3082.0645
15,-4647.809,3080.81,-4676.4985,3081.828
15,-4605.779,3103.6714,-4677.155,3081.5984
15,-4674.1934,3051.992,-4677.8223,3081.3564
15,-4671.638,3038.7751,-4678.511,3081.1091
15,-4663.0415,3064.2354,-4679.2085,3080.8625
15,-4638.3477,3122.3772,-4679.916,3080.6116
15,-4668.633,3053.566,-4680.638,3080.3533
15,-4648.928,3091.8606,-4681.368,3080.0935
15,-4645.665,3089.0437,-4682.1084,3079.8293
16,-1821.657,4124.5894,-1821.372,4124.553
16,-1812.1764,4118.1787,-1821.0881,4124.512
16,-1812.7053,4119.016,-1820.8029,4124.4775
16,-1815.8799,4111.0024,-1820.5168,4124.4365
16,-1810.4998,4107.063,-1820.2263,4124.3975
16,-1824.0233,4109.488,-1819.9407,4124.362
16,-1823.4684,4117.745,-1819.6354,4124.3193
16,-1805.4818,4112.403,-1819.3466,4124.2817
16,-1805.997,4115.233,-1819.0564,4124.2456
16,-1805.7382,4117.9497,-1818.7635,4124.217
17,1825.3768,3375.4148,1825.8221,3375.3743
17,1835.8186,3380.2766,1826.2462,3375.344
17,1842.2461,3374.6404,1826.6577,3375.3037
17,1838.8619,3369.3662,1827.0839,3375.2773
17,1849.0902,3388.944,1827.4803,3375.264
17,1803.945,3375.0024,1827.8828,3375.2573
17,1870.4309,3383.7202,1828.2794,3375.253
17,1877.0139,3369.9446,1828.7272,3375.2842
17,1891.6011,3389.249,1829.116,3375.3135
17,-1.0,-1.0,1829.4755,3375.3572
18,159.63554,-3551.862,159.90434,-3550.585
18,160.21188,-3530.389,160.17328,-3549.3196
18,148.93074,-3565.908,160.43437,-3548.046
18,166.31363,-3513.0078,160.69246,-3546.796
18,154.94728,-3538.2842,160.94905,-3545.57
18,133.48062,-3531.99,161.20378,-3544.3354
18,186.23627,-3576.2495,161.45377,-3543.128
18,-1.0,-1.0,161.70428,-3541.9163
18,-1.0,-1.0,161.94238,-3540.7146
18,-1.0,-1.0,162.18039,-3539.5378
19,5409.241,11176.931,5409.2397,11176.901
19,5443.7734,11218.821,5409.24,11176.865
19,5435.4375,11220.796,5409.2397,11176.818
19,5408.0645,11208.968,5409.24,11176.778
19,5453.4053,11204.34,5409.241,11176.74
19,5412.367,11250.213,5409.241,11176.68
19,5469.044,11227.74,5409.239,11176.629
19,5469.5376,11227.004,5409.241,11176.572
19,5415.277,11194.972,5409.24,11176.512
19,5409.2725,11191.184,5409.242,11176.448
20,2505.7173,-846.72394,2506.2695,-847.0228
20,2484.4146,-823.22125,2506.8262,-847.31683
20,2495.33,-836.7926,2507.3625,-847.6085
20,2452.0256,-819.4831,2507.93,-847.9265
20,2448.1028,-822.43567,2508.4746,-848.24176
20,2455.9885,-826.9027,2509.03,-848.5504
20,2458.4587,-813.26404,2509.6045,-848.8646
20,2460.8477,-829.41644,2510.1902,-849.1501
20,2435.6838,-816.3851,2510.7566,-849.4555
20,2441.5183,-796.258,2511.335,-849.7662
21,-1043.4268,569.7148,-1043.4175,569.7074
21,-1005.75604,595.82245,-1043.4188,569.71014
21,-981.273,623.6965,-1043.421,569.71326
21,-1020.875,548.5343,-1043.3999,569.6837
21,-1004.33716,558.0584,-1043.3905,569.6662
21,-1002.0499,560.2471,-1043.3965,569.69354
21,-1007.7295,556.71875,-1043.4137,569.71313
21,-994.17596,553.69556,-1043.3356,569.5943
21,-1026.4615,572.4423,-1.0,-1.0
21,-1035.901,583.4988,-1.0,-1.0
22,227.61848,721.9109,227.66801,721.9798
22,210.93233,748.7371,227.65388,721.9423
22,218.22832,750.835,227.6714,721.98334
22,218.77374,739.2955,227.69737,722.03296
22,302.89392,696.951,227.71873,722.05707
22,216.25668,690.0707,227.72804,722.079
22,259.8906,747.4968,227.7499,722.09576
22,243.21085,730.68835,227.76343,722.11926
22,243.45572,737.8453,227.78459,722.1447
22,236.2,727.48,227.80046,722.163
23,8439.85,1745.5652,8439.818,1746.9047
23,8439.018,1793.4305,8439.789,1748.223
23,8435.687,1804.1864,8439.761,1749.5685
23,8436.132,1742.5145,8439.727,1750.916
23,8438.937,1832.2446,8439.703,1752.2559
23,8435.657,1773.8009,8439.675,1753.6069
23,8439.473,1768.1592,8439.646,1754.9579
23,8429.453,1761.8375,8439.609,1756.3169
23,8426.973,1786.8951,8439.58,1757.701
23,8443.925,1743.3486,8439.55,1759.0511
24,-208.51428,5788.7725,-208.45119,5788.0723
24,-207.84369,5756.298,-208.39009,5787.377
24,-201.69252,5800.662,-208.3314,5786.6616
24,-205.0516,5791.877,-208.27798,5785.927
24,-201.4802,5791.7114,-208.2302,5785.181
24,-204.24718,5777.2534,-208.17581,5784.4263
24,-201.1941,5776.4585,-208.12968,5783.6606
24,-202.02887,5808.6826,-208.078,5782.8887
24,-204.1897,5762.325,-208.02287,5782.104
24,-200.60149,5758.598,-207.98598,5781.323
25,-1975.0221,2221.9094,-1975.1807,2222.0298
25,-2001.3672,2251.4011,-1975.3558,2222.1514
25,-1964.9154,2216.1003,-1975.5269,2222.285
25,-1985.3014,2231.8218,-1975.698,2222.4106
25,-1972.7432,2224.875,-1975.8741,2222.5354
25,-1978.9656,2231.1682,-1976.0289,2222.6562
25,-1962.0944,2218.2173,-1976.1942,2222.7905
25,-1967.998,2211.1104,-1976.364,2222.9094
25,-1985.4703,2233.6426,-1976.5342,2223.0361
25,-1993.7428,2222.682,-1976.7131,2223.1753
26,4669.7656,-12122.351,4669.901,-12122.355
26,4713.9917,-12105.477,4670.0513,-12122.364
26,4752.657,-12098.103,4670.2075,-12122.362
26,4725.0586,-12151.574,4670.3755,-12122.371
26,4723.6943,-12101.9,4670.564,-12122.379
26,4779.9434,-12102.34,4670.7603,-12122.379
26,4698.7744,-12092.608,4670.9834,-12122.39
26,4705.4844,-12083.623,4671.2646,-12122.392
26,4701.9097,-12086.113,4671.5854,-12122.397
26,4710.099,-12084.155,4671.95,-12122.393
27,1917.2042,-1827.8639,1916.6881,-1828.8932
27,1933.3597,-1790.4922,1916.1715,-1829.9417
27,1932.0925,-1814.1936,1915.6517,-1830.9941
27,1925.914,-1818.5702,1915.1299,-1832.044
27,1947.1312,-1814.4337,1914.6002,-1833.1119
27,1925.9333,-1799.8452,1914.0675,-1834.1849
27,1948.9772,-1818.8663,1913.5144,-1835.2771
27,1948.3756,-1803.6135,1912.9781,-1836.358
27,1907.4966,-1813.2953,1912.4371,-1837.4442
27,1934.662,-1839.2191,1911.8745,-1838.5643
28,1755.4458,-5520.3237,1755.4442,-5520.333
28,1764.5089,-5532.02,1755.4468,-5520.329
28,1740.4353,-5533.9907,1755.4446,-5520.3237
28,1740.9402,-5543.1333,1755.4426,-5520.3286
28,1719.2888,-5592.747,1755.447,-5520.3213
28,-1.0,-1.0,1755.4417,-5520.334
28,-1.0,-1.0,1755.4454,-5520.325
28,-1.0,-1.0,1755.4434,-5520.3325
28,-1.0,-1.0,1755.4456,-5520.3306
28,-1.0,-1.0,1755.4438,-5520.328
29,3303.4695,-9876.1,3301.5374,-9876.107
29,3219.4128,-9878.286,3299.602,-9876.112
29,3212.8274,-9874.32,3297.6677,-9876.113
29,3268.6873,-9875.634,3295.723,-9876.111
29,3264.3481,-9900.474,3293.7795,-9876.099
29,3267.4214,-9901.228,3291.8767,-9876.091
29,3286.5237,-9898.543,3289.9414,-9876.078
29,3260.5344,-9904.604,3287.9846,-9876.068
29,3267.325,-9906.518,3286.047,-9876.053
29,3264.2666,-9906.328,3284.1064,-9876.036
30,8024.325,-7260.116,8024.199,-7260.123
30,8043.6475,-7264.12,8024.0396,-7260.117
30,8020.283,-7267.2925,8023.865,-7260.121
30,8041.526,-7260.3813,8023.701,-7260.128
30,8035.948,-7260.3496,8023.509,-7260.1245
30,7968.5215,-7278.095,8023.275,-7260.121
30,8032.6704,-7263.8965,8023.047,-7260.1133
30,8016.716,-7264.0967,8022.8037,-7260.1055
30,8048.497,-7260.7407,8022.548,-7260.103
30,8012.3887,-7260.9307,8022.2876,-7260.098
31,2382.3455,-1764.6959,2382.3323,-1764.6891
31,2350.7498,-1753.5928,2382.3254,-1764.6823
31,2369.3179,-1756.7174,2382.318,-1764.6763
31,2375.3232,-1764.2102,2382.315,-1764.675
31,2373.959,-1768.2438,2382.307,-1764.6681
31,2390.461,-1770.7084,2382.3027,-1764.6681
31,2394.2021,-1768.8898,2382.2998,-1764.6666
31,2398.7288,-1770.8114,2382.3005,-1764.6644
31,2388.158,-1761.8268,2382.2986,-1764.6672
31,2395.5015,-1780.5754,2382.3025,-1764.6659
32,-3285.6514,-504.1251,-3285.861,-504.57004
32,-3189.7068,-447.66583,-3286.059,-505.02316
32,-3307.1392,-456.62903,-3286.2437,-505.4743
32,-3248.5237,-452.21893,-3286.3867,-505.8956
32,-3247.39,-448.83566,-3286.5237,-506.2937
32,-3256.0266,-449.0996,-3286.6428,-506.7264
32,-3243.2214,-445.3282,-3286.748,-507.15317
32,-3254.5742,-445.58167,-3286.8486,-507.57196
32,-3239.117,-452.07764,-3286.9114,-507.9954
32,-3235.7153,-448.5836,-1.0,-1.0
33,1469.2584,-14021.323,1469.3514,-14021.616
33,1477.7928,-14037.184,1469.4457,-14021.911
33,1493.199,-14035.489,1469.5388,-14022.193
33,-1.0,-1.0,1469.6233,-14022.469
33,-1.0,-1.0,1469.7045,-14022.726
33,-1.0,-1.0,1469.7795,-14022.964
33,-1.0,-1.0,1469.8489,-14023.186
33,-1.0,-1.0,1469.9171,-14023.397
33,-1.0,-1.0,1469.9907,-14023.604
33,-1.0,-1.0,1470.0511,-14023.8
34,986.02576,-2001.0782,985.34393,-2001.1165
34,1034.4932,-2000.7081,984.5825,-2001.1564
34,1023.1798,-2002.9279,983.83,-2001.1716
34,1039.6284,-1995.075,982.9281,-2001.1815
34,1048.4926,-2003.2566,-1.0,-1.0
34,986.9877,-1976.4176,-1.0,-1.0
34,1058.0889,-2015.2625,980.6504,-2000.9805
34,994.11285,-2030.5792,980.0204,-2000.9109
34,1016.18506,-2000.7278,979.3554,-2000.8457
34,1014.96124,-1997.1697,978.64777,-2000.7465
35,-4619.627,3642.4045,-4619.7188,3642.2598
35,-4597.062,3652.6157,-4619.814,3642.098
35,-4595.1807,3659.3174,-4619.904,3641.938
35,-4582.3623,3699.9746,-4620.0063,3641.7646
35,-4657.055,3695.0159,-4620.1157,3641.5813
35,-4616.3237,3664.5156,-4620.234,3641.3792
35,-4620.4507,3663.759,-4620.351,3641.1765
35,-4620.1567,3661.769,-4620.48,3640.949
35,-4623.22,3660.3782,-4620.605,3640.7349
35,-4624.141,3660.6016,-4620.735,3640.5112
36,1863.5797,357.69278,1863.3291,357.70242
36,1815.0807,332.8459,1863.0973,357.70312
36,1838.1233,319.314,1862.856,357.71194
36,1853.005,359.61765,1862.6366,357.7411
36,1862.384,337.5981,1862.3899,357.77002
36,1858.5233,333.80002,1862.1868,357.80838
36,1875.4746,336.551,1861.9435,357.85608
36,1878.9105,336.77646,1861.7365,357.91382
36,1879.2379,332.07544,1861.5217,357.9694
36,1857.0984,320.86176,1861.3198,358.0333
37,3254.665,105.62176,3254.688,104.74016
37,3255.0217,75.65734,3254.7083,103.82573
37,3240.6174,63.161163,3254.73,102.902435
37,3225.048,130.59773,3254.7566,101.96121
37,3250.8906,122.468735,3254.773,101.005196
37,3254.5225,124.26396,3254.7935,100.01987
37,3251.0732,133.5793,3254.8145,99.02786
37,3254.3545,136.22568,3254.8357,97.992676
37,3251.4805,101.650505,3254.86,96.954025
37,3250.8052,145.2325,3254.8816,95.8851
38,1250.1748,541.1996,1250.9032,541.1755
38,1222.1271,539.52203,1251.654,541.104
38,1261.8221,505.1328,1252.3975,541.05145
38,1259.2173,496.86224,1253.1774,541.0067
38,1262.9893,495.20715,1253.9481,540.9237
38,1260.5356,518.0225,1254.687,540.8746
38,1256.3247,524.06116,1255.3756,540.803
38,1281.2084,508.80612,1255.9918,540.7482
38,1253.0652,525.73206,1256.6201,540.6625
38,1278.8899,522.6491,1257.092,540.64984
39,4797.9824,5600.906,4797.947,5601.538
39,4821.118,5684.494,4797.904,5602.1655
39,4804.632,5593.87,4797.863,5602.808
39,4783.797,5695.0054,4797.824,5603.422
39,4779.398,5689.479,4797.7812,5604.029
39,4797.4556,5625.7783,4797.736,5604.6055
39,4797.0293,5639.0405,4797.699,5605.1895
39,4770.7075,5669.0684,4797.6587,5605.74
39,4759.0024,5590.442,4797.6235,5606.3135
39,4772.0864,5672.593,4797.584,5606.8403
40,361.9513,4617.4346,360.7609,4617.428
40,320.39944,4617.642,359.5751,4617.4194
40,386.8603,4617.1055,358.34747,4617.423
40,342.98224,4617.3438,357.1074,4617.42
40,336.19736,4613.526,355.88733,4617.4214
40,365.46744,4633.2603,354.65536,4617.4155
40,307.24646,4617.403,353.42114,4617.4053
40,357.5505,4653.072,352.18076,4617.3984
40,369.0194,4587.168,350.95074,4617.3916
40,375.89206,4586.3,349.70377,4617.3823
41,6811.4497,4910.1123,6810.9463,4910.511
41,6787.214,4950.1606,6810.439,4910.912
41,6785.541,4917.1714,6809.919,4911.294
41,6806.1226,4931.5635,6809.394,4911.6626
41,6809.5938,4954.3433,6808.865,4911.9927
41,6801.468,4942.3403,6808.2915,4912.3145
41,6780.3716,4899.984,6807.714,4912.613
41,6778.2715,4896.789,6807.111,4912.911
41,6778.0825,4903.236,6806.495,4913.1855
41,6789.9697,4903.1753,6805.861,4913.454
42,5183.8057,6220.841,5183.3867,6221.3975
42,5166.742,6213.954,5182.9453,6221.943
42,5145.575,6225.688,5182.485,6222.4834
42,5189.376,6208.1567,5182.023,6222.984
42,5242.361,6233.704,5181.5273,6223.4844
42,5197.5454,6195.059,5181.0415,6223.9565
42,5174.7227,6185.4473,5180.5366,6224.4165
42,5190.245,6252.525,5180.008,6224.8716
42,5186.578,6253.1367,5179.462,6225.3086
42,5193.669,6257.935,5178.9165,6225.7285
43,-2681.3977,-3303.1777,-2681.2031,-3303.2275
43,-2654.5413,-3314.5945,-2681.0073,-3303.274
43,-2676.904,-3358.9304,-2680.8333,-3303.319
43,-2654.6492,-3351.928,-2680.6548,-3303.3723
43,-2671.3755,-3290.7102,-2680.4783,-3303.4297
43,-2657.6777,-3293.042,-2680.3032,-3303.4897
43,-2658.3005,-3285.2808,-2680.1257,-3303.5537
43,-2654.5366,-3295.406,-2679.9287,-3303.6216
43,-2658.4111,-3276.3877,-2679.7397,-3303.7034
43,-2654.6985,-3277.8535,-2679.5242,-3303.7888
44,1807.705,-2156.0298,1807.6901,-2155.5771
44,1815.0918,-2168.4668,1807.6869,-2155.1213
44,1774.4567,-2194.5469,1807.6958,-2154.679
44,1820.1511,-2078.6497,1807.7255,-2154.2136
44,1811.4185,-2142.0347,1807.7655,-2153.7515
44,1827.6482,-2125.0571,1807.8203,-2153.2927
44,1811.797,-2169.8308,1807.8904,-2152.8267
44,1816.8448,-2174.4673,1807.9729,-2152.3818
44,1820.3942,-2177.9211,1808.0728,-2151.9192
44,1801.4974,-2105.4688,1808.1793,-2151.4712
45,109.17593,-110.10339,109.567856,-110.09707
45,111.74901,-103.48166,109.93663,-110.0857
45,89.13227,-104.80246,110.271126,-110.07638
45,154.46953,-92.09542,110.585236,-110.06831
45,102.33938,-106.89476,110.861916,-110.05932
45,114.19143,-106.88291,111.12039,-110.05073
45,121.51629,-110.32017,111.34936,-110.04676
45,130.11113,-110.20089,111.57206,-110.03555
45,137.75128,-113.630066,111.777016,-110.03528
45,142.20404,-103.50602,111.97061,-110.02635
46,778.32074,-854.67834,778.5847,-854.1413
46,767.37244,-877.44403,778.8449,-853.6313
46,760.2403,-891.5715,779.08716,-853.1445
46,805.4815,-809.30896,779.3146,-852.6849
46,785.36884,-840.36255,779.53613,-852.25507
46,789.3231,-832.4464,779.73413,-851.8549
46,792.544,-826.03326,779.93994,-851.4624
46,789.96497,-824.2355,780.11334,-851.0989
46,774.4554,-824.23016,780.2887,-850.7497
46,764.23584,-845.4238,780.439,-850.4415
47,3421.5469,-1622.4817,3421.2488,-1622.4896
47,3458.4758,-1622.2495,3420.9565,-1622.488
47,3463.517,-1658.2981,3420.6985,-1622.4855
47,3458.9846,-1588.8597,3420.4414,-1622.4923
47,3415.3247,-1638.9678,3420.1816,-1622.4904
47,3443.245,-1622.7296,3419.9395,-1622.4877
47,3441.6475,-1619.287,3419.7268,-1622.4862
47,3446.1675,-1614.9369,3419.5032,-1622.4916
47,3426.7917,-1618.9766,3419.3064,-1622.4912
47,3460.4434,-1618.2808,3419.129,-1622.4884
48,3620.7815,7875.5493,3620.7805,7875.5312
48,3620.5305,7881.4985,3620.7842,7875.502
48,3620.7405,7826.149,3620.784,7875.4653
48,3645.2517,7850.122,3620.786,7875.4175
48,3642.208,7853.491,3620.7874,7875.3716
48,3660.8298,7841.158,3620.7886,7875.2993
48,3617.981,7839.188,3620.787,7875.2007
48,3627.7163,7826.205,3620.784,7875.069
48,3624.1853,7825.2134,3620.7861,7874.925
48,3667.2512,7824.5073,3620.7905,7874.748
49,-634.01105,-4052.2283,-633.8828,-4052.3735
49,-640.9868,-4044.3748,-633.7544,-4052.5234
49,-654.3073,-4032.1528,-633.6139,-4052.6904
49,-598.8396,-4067.5593,-633.4894,-4052.8315
49,-572.1719,-4092.471,-633.3676,-4052.9792
49,-630.2093,-4065.7388,-633.2463,-4053.1199
49,-626.9083,-4058.7637,-633.1184,-4053.2656
49,-631.6372,-4059.867,-632.98193,-4053.4253
49,-624.26074,-4067.6265,-632.8564,-4053.5764
49,-640.1386,-4051.7993,-632.73065,-4053.7192
50,8454.477,-731.0914,8454.48,-730.6872
50,8449.588,-725.0393,8454.49,-730.29095
50,8449.809,-740.247,8454.493,-729.88184
50,8454.706,-744.80066,8454.498,-729.47736
50,8454.008,-793.4747,8454.505,-729.09644
50,8446.333,-745.4478,8454.514,-728.7174
50,8442.523,-749.0889,8454.526,-728.33527
50,8442.97,-740.5549,8454.535,-727.94006
50,8446.261,-734.5427,8454.548,-727.5539
50,8442.903,-757.6107,8454.564,-727.15283
51,74.23342,6227.637,74.25569,6227.6387
51,80.253586,6246.423,74.27769,6227.638
51,57.688026,6239.435,74.29937,6227.6484
51,100.77934,6228.2324,74.30803,6227.6523
51,33.57579,6226.9194,74.34722,6227.6597
51,117.89482,6228.7583,74.35871,6227.6685
51,21.416676,6198.9004,74.4049,6227.679
51,27.772366,6244.964,74.4405,6227.6846
51,58.712948,6227.501,74.49379,6227.693
51,51.703266,6231.5024,74.54624,6227.7026
52,1389.3536,-1828.1823,1387.704,-1828.1821
52,1357.4739,-1831.8136,1386.0688,-1828.1951
52,1360.1166,-1839.8842,1384.4404,-1828.21
52,1346.1729,-1828.7883,1382.7799,-1828.213
52,1341.7717,-1843.081,1381.1425,-1828.2228
52,1327.7327,-1831.6251,1379.4989,-1828.2146
52,1381.1499,-1852.0868,1377.81,-1828.2212
52,1395.9518,-1831.5176,1376.1931,-1828.2532
52,1304.8715,-1846.7766,1374.4908,-1828.2665
52,1298.2802,-1828.7101,1372.8075,-1828.2848
53,-33198.816,39226.17,-33198.973,39226.082
53,-33190.484,39227.844,-33199.152,39225.984
53,-33235.5,39211.434,-33199.32,39225.883
53,-33242.99,39210.17,-33199.516,39225.773
53,-33220.027,39222.77,-33199.695,39225.66
53,-33218.156,39217.957,-33199.89,39225.535
53,-33221.184,39217.19,-33200.062,39225.406
53,-33224.78,39217.066,-33200.24,39225.273
53,-33224.996,39229.27,-33200.406,39225.137
53,-33221.77,39214.434,-33200.59,39224.99
54,1263.8756,-5569.7666,1263.8822,-5569.846
54,1281.7837,-5573.3696,1263.8777,-5569.918
54,1284.1792,-5578.75,1263.8749,-5569.967
54,1277.5966,-5580.9893,1263.8787,-5570.046
54,1290.2578,-5576.9688,1263.884,-5570.103
54,1270.0519,-5568.0034,1263.8912,-5570.1724
54,1272.2898,-5582.3315,1263.8876,-5570.226
54,1296.1091,-5574.9453,1263.8907,-5570.303
54,1299.116,-5580.348,1263.8816,-5570.344
54,1299.0844,-5583.047,1263.8809,-5570.41
55,1237.0653,682.28143,1236.8829,683.8314
55,1234.0231,706.48315,1236.6874,685.3452
55,1238.9122,664.7258,1236.4915,686.8653
55,1241.6428,671.8849,1236.2974,688.3984
55,1241.3788,706.54926,1236.0939,689.9259
55,1239.3613,694.52655,1235.9042,691.45435
55,1224.558,693.6572,1235.7081,692.9817
55,1245.0763,680.6993,1235.5206,694.51465
55,1245.6825,675.6543,1235.3241,696.04254
55,1249.9208,712.22284,1235.131,697.59467
56,-1467.7878,985.8257,-1468.3992,984.9666
56,-1498.632,945.17773,-1469.0511,984.08185
56,-1504.2612,937.7582,-1469.7137,983.1714
56,-1505.7616,909.0087,-1470.4023,982.2684
56,-1531.9661,920.3404,-1471.0691,981.3931
56,-1481.2775,964.3105,-1471.7153,980.5512
56,-1504.932,950.49866,-1472.4116,979.6422
56,-1507.0256,952.7404,-1473.1857,978.6477
56,-1452.1859,1008.5416,-1474.0712,977.52655
56,-1492.432,908.453,-1474.8911,976.5055
57,616.5932,-10545.191,615.0812,-10545.183
57,608.6327,-10552.488,613.61865,-10545.167
57,667.7855,-10545.558,612.117,-10545.162
57,670.8823,-10541.829,610.62634,-10545.161
57,671.70087,-10538.594,609.0541,-10545.157
57,672.9691,-10552.75,607.5172,-10545.141
57,659.174,-10538.572,605.9407,-10545.14
57,658.46875,-10552.232,604.3947,-10545.137
57,655.64185,-10549.118,602.8372,-10545.139
57,683.2251,-10545.254,601.216,-10545.125
58,-6246.221,14066.352,-6246.927,14066.317
58,-6295.0356,14080.501,-6247.559,14066.285
58,-6283.1914,14030.702,-6248.215,14066.251
58,-6279.95,14033.2295,-6248.8345,14066.217
58,-6217.7246,14076.663,-6249.4424,14066.187
58,-6263.5513,14074.671,-6250.0146,14066.149
58,-6266.889,14065.088,-6250.579,14066.118
58,-6266.291,14061.65,-6251.1304,14066.087
58,-6272.579,14061.465,-6251.662,14066.053
58,-6264.109,14074.047,-6252.1855,14066.0205
59,3179.1086,12734.627,3178.4263,12734.612
59,3169.213,12720.503,3177.7598,12734.597
59,3111.1758,12725.329,3177.1055,12734.578
59,3105.3984,12720.499,3176.4634,12734.564
59,3188.7947,12716.636,3175.8171,12734.554
59,3097.5698,12715.14,3175.1716,12734.54
59,3154.5295,12730.418,3174.5732,12734.53
59,3150.1223,12734.387,3173.9622,12734.518
59,3150.5293,12720.736,3173.3625,12734.512
59,3160.6309,12721.29,3172.794,12734.501
60,-705.04724,13960.6875,-705.123,13960.773
60,-687.31104,13942.523,-705.30414,13960.957
60,-689.28314,13940.307,-705.46326,13961.156
60,-683.70966,13943.414,-705.8162,13961.478
60,-685.2677,13935.759,-706.11163,13961.792
60,-682.84064,13948.52,-706.45496,13962.105
60,-694.7606,13945.543,-706.75525,13962.396
60,-681.2601,13936.677,-707.05963,13962.702
60,-678.5876,13944.568,-707.2961,13962.941
60,-695.8416,13937.753,-707.56024,13963.202
61,286.1522,-8269.512,285.79544,-8268.81
61,288.95477,-8281.417,285.4109,-8268.119
61,302.8859,-8265.73,285.00696,-8267.441
61,287.75278,-8255.339,284.5889,-8266.764
61,305.18402,-8315.035,284.14673,-8266.094
61,294.1632,-8257.311,283.6789,-8265.425
61,304.5274,-8349.623,283.20062,-8264.786
61,296.78458,-8291.06,282.6975,-8264.128
61,293.07593,-8290.984,282.18423,-8263.48
61,292.93192,-8300.234,281.63467,-8262.832
62,3363.96,-1762.2147,3363.6013,-1762.0089
62,3365.4785,-1692.4653,3363.2268,-1761.778
62,3350.179,-1749.6597,3362.8333,-1761.5194
62,3372.6138,-1746.7582,3362.4307,-1761.2368
62,3372.8818,-1752.2539,3362.028,-1760.9225
62,3372.6323,-1755.1144,3361.618,-1760.5944
62,3372.4673,-1741.4498,3361.1782,-1760.2303
62,3372.3557,-1736.6484,3360.7524,-1759.845
62,3372.6897,-1734.4017,3360.3103,-1759.4274
62,3376.9893,-1774.2483,3359.87,-1758.9789
63,-6378.7397,751.14124,-6378.313,751.28284
63,-6370.2427,746.7053,-6377.9043,751.4313
63,-6395.803,750.2609,-6377.444,751.60925
63,-6382.0356,734.65436,-6376.9775,751.8018
63,-6362.0386,663.8392,-6376.514,752.01843
63,-6365.909,726.0408,-6376.051,752.2868
63,-6362.4404,724.1136,-6375.5376,752.6035
63,-6370.927,726.27856,-6375.0386,752.9278
63,-6365.6074,717.18604,-6374.6313,753.23047
63,-6371.047,717.2781,-6374.07,753.6608
64,-4512.6533,11222.402,-4512.655,11222.417
64,-4516.1973,11246.786,-4512.65,11222.418
64,-4531.426,11235.388,-4512.6533,11222.425
64,-4519.012,11272.774,-4512.651,11222.437
64,-4545.4224,11227.386,-4512.6533,11222.453
64,-4551.588,11227.044,-4512.653,11222.465
64,-4519.2026,11205.317,-4512.652,11222.479
64,-4506.263,11288.383,-4512.6484,11222.502
64,-4509.0854,11204.355,-4512.6514,11222.535
64,-4516.0728,11290.771,-4512.6504,11222.572
65,5635.6904,3036.5999,5635.4653,3036.5737
65,5631.0933,3039.0356,5635.241,3036.5505
65,5615.529,3036.0842,5635.015,3036.5242
65,5586.259,3039.9604,5634.7847,3036.4963
65,5649.88,3035.9656,5634.5557,3036.4673
65,5654.2734,3039.5913,5634.319,3036.4426
65,5660.5645,3042.1436,5634.057,3036.4075
65,5662.204,3036.908,5633.824,3036.3784
65,5628.096,3035.2163,5633.5645,3036.3467
65,5670.727,3042.365,5633.276,3036.3105
66,-854.0229,-686.054,-854.4085,-686.01355
66,-859.3616,-691.187,-854.7902,-686.00146
66,-832.8228,-689.6077,-855.16833,-686.02313
66,-807.4477,-729.1186,-855.53107,-686.0641
66,-843.90704,-695.23175,-855.8902,-686.13916
66,-848.3199,-704.1948,-856.242,-686.2485
66,-852.1021,-676.2452,-856.5872,-686.3796
66,-839.1302,-672.225,-856.92365,-686.5385
66,-857.4696,-675.5737,-857.2445,-686.7293
66,-841.7378,-661.5162,-857.5494,-686.9319
67,9494.758,1580.5016,9496.17,1580.5084
67,9470.647,1580.5917,9497.578,1580.5088
67,9541.668,1577.1947,9498.942,1580.516
67,9484.798,1584.1925,9500.296,1580.5277
67,9507.117,1577.0122,9501.639,1580.5314
67,9475.76,1559.7264,9502.953,1580.539
67,9511.017,1584.1067,9504.232,1580.5444
67,9455.538,1584.0125,9505.507,1580.5508
67,9467.124,1560.0931,9506.736,1580.5582
67,9464.133,1560.1548,9507.936,1580.567
68,-522.0724,100.17747,-523.31586,101.16485
68,-522.56976,96.64462,-524.58124,102.15576
68,-527.0612,92.643265,-525.82434,103.14491
68,-533.49304,109.23038,-527.06964,104.13235
68,-516.4312,134.24812,-528.31354,105.11577
68,-483.42764,109.344406,-529.59143,106.12797
68,-477.68472,104.90899,-530.8538,107.1283
68,-528.76154,142.19286,-532.151,108.136345
68,-525.58997,146.9375,-533.4417,109.151405
68,-521.83234,151.39734,-534.73413,110.17892
69,6020.167,1797.8824,6020.243,1797.378
69,6004.3154,1786.742,6020.318,1796.8695
69,6037.4966,1784.9398,6020.398,1796.3514
69,6052.8164,1767.5327,6020.4746,1795.8306
69,6063.9087,1773.5107,6020.5605,1795.2957
69,6061.5474,1768.9475,6020.639,1794.7655
69,6064.0137,1768.3718,6020.722,1794.2205
69,6070.9385,1801.2896,6020.8086,1793.6517
69,6000.473,1767.7343,6020.892,1793.0955
69,5997.238,1772.2455,6020.98,1792.5106
70,954.35535,-1874.2316,954.52026,-1874.4482
70,950.81195,-1933.4506,954.6549,-1874.6621
70,952.57135,-1954.5769,954.7591,-1874.8152
70,990.24475,-1914.0302,954.9261,-1875.0505
70,981.22943,-1913.2946,955.0689,-1875.2485
70,936.19,-1861.4784,955.20483,-1875.4305
70,1011.47107,-1928.4944,955.3819,-1875.6669
70,1001.05334,-1908.739,955.5153,-1875.8383
70,940.6659,-1916.016,955.6535,-1876.0277
70,943.5711,-1917.3151,955.8078,-1876.2534
71,5032.7485,7008.019,5032.6597,7007.8433
71,5030.982,6994.962,5032.556,7007.6436
71,5010.413,7004.5806,5032.456,7007.449
71,5086.4,7025.826,5032.3623,7007.2686
71,5089.3306,7020.027,5032.259,7007.0635
71,-1.0,-1.0,5032.16,7006.869
71,-1.0,-1.0,5032.06,7006.674
71,-1.0,-1.0,5031.958,7006.469
71,-1.0,-1.0,5031.8604,7006.2666
71,-1.0,-1.0,5031.7676,7006.075
72,3753.0203,-2620.548,3753.6028,-2621.4583
72,3791.2114,-2672.376,3754.1782,-2622.3567
72,3772.6924,-2644.3743,3754.768,-2623.2688
72,3760.947,-2626.5889,3755.344,-2624.1743
72,3768.852,-2666.989,3755.9277,-2625.0767
72,3780.767,-2622.105,3756.506,-2625.9983
72,3783.144,-2620.1763,3757.0854,-2626.9128
72,3761.176,-2669.0544,3757.664,-2627.833
72,3799.0876,-2637.1587,3758.2437,-2628.742
72,3801.2527,-2639.569,3758.808,-2629.635
73,928.5209,2028.4325,928.0269,2028.5444
73,905.75244,2032.0764,927.5336,2028.6539
73,959.3371,2018.0638,927.046,2028.761
73,909.1443,2019.2256,926.5842,2028.8613
73,947.3047,2022.567,926.14,2028.9531
73,952.88306,2040.0032,925.71124,2029.0459
73,956.1427,2038.9209,925.28467,2029.1301
73,950.10864,2040.9812,924.88776,2029.2108
73,947.5429,2041.45,924.48114,2029.2983
73,958.33954,2037.9982,924.1139,2029.3705
74,-1233.6106,3006.2776,-1233.8096,3006.2688
74,-1216.5903,3007.4333,-1234.0424,3006.2593
74,-1224.8308,3006.6658,-1234.2871,3006.247
74,-1283.1626,3007.9382,-1234.562,3006.24
74,-1207.2167,3006.7637,-1234.8596,3006.234
74,-1251.708,2961.596,-1235.1564,3006.2263
74,-1244.2574,3005.6287,-1235.4768,3006.2185
74,-1240.5216,3012.5603,-1235.8105,3006.207
74,-1238.6799,3015.8516,-1236.1768,3006.198
74,-1233.5752,3012.7617,-1236.5549,3006.1855
75,5533.3887,3022.984,5532.0366,3022.9663
75,5513.9253,3014.05,5530.6963,3022.9421
75,5546.32,3029.4363,5529.3594,3022.928
75,5488.949,3011.6345,5528.029,3022.9146
75,5559.633,3019.8987,5526.707,3022.8953
75,5555.9165,3016.2793,5525.4126,3022.8743
75,5546.424,3022.69,5524.129,3022.856
75,5545.76,3001.435,5522.8467,3022.837
75,5546.656,3040.0332,5521.587,3022.817
75,5533.055,3015.7673,5520.3276,3022.8013
76,333.02417,783.96094,333.22064,784.5857
76,288.4207,759.16907,333.42697,785.2475
76,298.7487,744.4358,333.63956,785.9318
76,316.72852,780.1528,333.85583,786.5866
76,305.69696,766.0626,334.05984,787.2574
76,287.8065,749.2615,334.25342,787.93115
76,313.46698,714.969,334.45755,788.62305
76,338.1982,727.4712,334.66498,789.28186
76,312.02142,756.54785,334.8625,789.95306
76,308.89868,758.1965,335.05103,790.5919
77,-271.09662,-1125.8579,-270.24457,-1126.3782
77,-270.56174,-1130.7917,-269.3767,-1126.9036
77,-260.17435,-1132.7821,-268.5278,-1127.4291
77,-221.98439,-1154.4753,-267.69327,-1127.9409
77,-284.3453,-1117.8331,-266.81384,-1128.4691
77,-178.0157,-1178.7668,-266.0205,-1128.9689
77,-184.44069,-1153.248,-265.1304,-1129.5034
77,-233.17038,-1144.0247,-264.25076,-1130.0236
77,-231.70868,-1148.8829,-263.40414,-1130.5305
77,-226.3162,-1138.3912,-262.55328,-1131.0315
78,-2869.496,-9928.624,-2870.132,-9928.636
78,-2845.2078,-9928.2705,-2870.74,-9928.651
78,-2931.9478,-9875.396,-2871.333,-9928.666
78,-2956.3997,-9935.059,-2871.8975,-9928.682
78,-2888.1292,-9922.546,-2872.4348,-9928.693
78,-2887.6794,-9928.924,-2872.9487,-9928.704
78,-2897.0786,-9922.051,-2873.4485,-9928.716
78,-2896.5706,-9929.231,-2873.912,-9928.724
78,-2906.8513,-9922.967,-2874.3652,-9928.734
78,-2905.9287,-9929.279,-2874.7854,-9928.743
79,1619.1869,-2404.8984,1619.5603,-2405.1528
79,1641.2339,-2418.3787,1619.9739,-2405.4087
79,1648.651,-2414.8037,1620.3993,-2405.634
79,1647.0876,-2408.9365,1620.85,-2405.9158
79,1640.1783,-2421.3557,1621.3464,-2406.1826
79,1652.8594,-2402.9272,1621.8434,-2406.47
79,1579.9486,-2377.2668,1622.3357,-2406.7642
79,1608.2616,-2418.904,1622.8198,-2407.0583
79,1606.4349,-2397.4722,1623.3223,-2407.3833
79,1606.899,-2401.43,1623.8218,-2407.6875
80,-1209.7781,239.7457,-1209.7788,239.76149
80,-1219.9921,234.92032,-1209.803,239.79884
80,-1243.8623,213.11115,-1209.8224,239.83032
80,-1262.1835,197.81657,-1209.8312,239.84903
80,-1220.1294,253.86652,-1209.8383,239.86488
80,-1226.2655,238.12332,-1209.8463,239.87701
80,-1234.2323,266.39267,-1209.858,239.89572
80,-1208.8937,270.64417,-1209.8602,239.90526
80,-1205.5491,269.75204,-1209.8619,239.91588
80,-1228.0615,274.3562,-1209.8696,239.929
81,10036.645,2320.4067,10036.646,2319.639
81,10076.608,2280.0457,10036.646,2318.9148
81,10039.617,2302.4727,10036.648,2318.2236
81,10036.11,2302.392,10036.65,2317.558
81,10036.528,2299.88,10036.654,2316.9207
81,10046.785,2271.226,10036.661,2316.3103
81,10050.438,2269.2363,10036.657,2315.7324
81,10046.637,2255.18,10036.662,2315.1836
81,10050.298,2254.1162,10036.667,2314.6582
81,10024.131,2239.5078,10036.667,2314.1719
82,-1690.7244,-546.64185,-1690.668,-546.40814
82,-1686.857,-542.2157,-1690.6222,-546.1743
82,-1703.7666,-530.65735,-1690.593,-545.959
82,-1690.2706,-523.63513,-1690.5582,-545.7381
82,-1712.2767,-524.1271,-1690.5302,-545.5344
82,-1689.3407,-570.3831,-1690.5063,-545.3349
82,-1683.6431,-555.95514,-1690.4834,-545.1289
82,-1680.1107,-559.8758,-1690.4707,-544.92596
82,-1696.3851,-562.5998,-1690.463,-544.70526
82,-1695.6318,-569.8162,-1690.4631,-544.4996
83,3805.792,-3506.0464,3806.0408,-3504.953
83,3789.3423,-3546.324,3806.3025,-3503.8408
83,3811.6875,-3509.5574,3806.5676,-3502.726
83,3789.3293,-3565.4805,3806.8328,-3501.62
83,3759.7405,-3573.9512,3807.1084,-3500.5078
83,3771.4,-3576.5354,3807.3816,-3499.4087
83,3795.9075,-3529.2732,3807.6694,-3498.2822
83,3796.942,-3524.1165,3807.954,-3497.1494
83,3794.4575,-3538.1133,3808.2493,-3496.033
83,3808.7085,-3532.1313,3808.543,-3494.9075
84,8454.936,653.9766,8454.924,653.9766
84,8464.771,654.19165,8454.912,653.9756
84,8472.598,654.4562,8454.903,653.9745
84,8394.034,634.8169,8454.89,653.97375
84,8436.993,611.1359,8454.895,653.97015
84,8442.044,660.2032,8454.878,653.9735
84,8425.808,663.3297,8454.85,653.97284
84,8429.274,662.30304,8454.83,653.9724
84,8432.63,664.2554,8454.817,653.9755
84,8432.4375,671.84076,8454.789,653.9773
85,3356.6467,-8447.283,3355.7417,-8447.632
85,3379.8767,-8417.917,3354.819,-8447.952
85,3385.5059,-8432.099,3353.8816,-8448.25
85,3374.958,-8432.351,3352.906,-8448.537
85,3392.8267,-8438.309,3351.973,-8448.782
85,3395.37,-8445.093,3351.0024,-8449.005
85,3397.3013,-8416.678,3350.0337,-8449.203
85,3401.5405,-8422.322,3349.0857,-8449.37
85,3390.2522,-8469.534,3348.1018,-8449.519
85,3401.7854,-8397.435,3347.1206,-8449.64
86,967.6024,1282.8575,966.65454,1282.9181
86,999.4707,1287.2955,965.76166,1282.9839
86,993.8026,1277.479,964.7756,1283.0394
86,1092.1703,1273.7926,963.85266,1283.1113
86,1000.91473,1302.0026,962.8592,1283.18
86,1021.5162,1279.833,961.9118,1283.2394
86,1029.3615,1282.7216,960.94916,1283.3086
86,1038.7723,1282.0449,959.9646,1283.3827
86,1016.6176,1297.3353,958.9673,1283.4629
86,1021.4826,1258.9714,957.9545,1283.5504
87,3461.3438,6471.3784,3461.9875,6471.467
87,3447.381,6470.2476,3462.6282,6471.553
87,3482.1523,6414.3384,3463.3162,6471.6475
87,3474.9224,6513.518,3464.0127,6471.7417
87,3500.1003,6425.039,3464.7493,6471.836
87,3496.3984,6470.498,3465.4922,6471.934
87,3481.8865,6457.8433,3466.2422,6472.0337
87,3478.979,6459.017,3466.9922,6472.129
87,3485.0532,6458.305,3467.7627,6472.2266
87,3488.1487,6457.0093,3468.5554,6472.3247
88,980.76135,-1704.9288,980.8396,-1704.7847
88,955.19025,-1756.949,980.91425,-1704.6506
88,967.6286,-1708.2054,980.98755,-1704.5146
88,975.5867,-1687.0165,981.04645,-1704.4004
88,996.09863,-1678.1815,981.10187,-1704.2976
88,961.4047,-1697.263,981.1528,-1704.2031
88,1008.7749,-1677.4906,981.20306,-1704.1069
88,970.4482,-1726.3741,981.2465,-1704.0297
88,970.65643,-1733.825,981.29126,-1703.9458
88,979.5628,-1731.2156,981.3288,-1703.8809
89,1548.7068,9667.825,1548.4777,9666.801
89,1550.1692,9690.454,1548.2595,9665.773
89,1536.9106,9677.861,1548.0616,9664.714
89,1527.4996,9678.955,1547.887,9663.663
89,1558.3448,9620.69,1547.7288,9662.594
89,1508.6399,9682.446,1547.5856,9661.523
89,1538.7852,9669.154,1547.4519,9660.407
89,1576.9636,9711.938,1547.3295,9659.284
89,1558.4158,9663.199,1547.2366,9658.197
89,1561.3751,9664.57,1547.137,9656.995
90,11711.321,-4961.3794,11711.325,-4961.5386
90,11711.715,-4979.8315,11711.321,-4961.7344
90,11723.42,-4984.8086,11711.326,-4961.956
90,11711.231,-4950.8457,11711.33,-4962.1816
90,11711.064,-4939.747,11711.326,-4962.446
90,11707.589,-4963.789,11711.332,-4962.721
90,11703.773,-4939.065,11711.33,-4963.027
90,11720.04,-4937.8403,11711.33,-4963.33
90,11703.7,-4966.335,11711.336,-4963.6494
90,11716.5,-4968.326,11711.338,-4964.0
91,-7453.1445,-9948.485,-7453.3887,-9949.796
91,-7449.2993,-9894.6455,-7453.6284,-9951.091
91,-7448.675,-9973.55,-7453.8696,-9952.384
91,-7460.9077,-9953.781,-7454.1084,-9953.679
91,-7454.412,-9936.579,-7454.3525,-9954.962
91,-7460.2,-9952.7,-7454.592,-9956.223
91,-7459.969,-9954.209,-7454.825,-9957.442
91,-1.0,-1.0,-7455.0674,-9958.673
91,-1.0,-1.0,-7455.304,-9959.882
91,-1.0,-1.0,-7455.5425,-9961.068
92,-311.36188,1577.7217,-311.8518,1577.7386
92,-290.26505,1573.9799,-312.3673,1577.7449
92,-312.72614,1570.8945,-312.89203,1577.7566
92,-318.6675,1581.262,-313.42798,1577.7671
92,-355.35245,1581.6226,-313.98163,1577.7794
92,-312.4978,1574.3794,-314.54526,1577.7911
92,-305.9863,1567.5238,-315.1344,1577.8075
92,-319.7566,1567.6768,-315.70993,1577.8085
92,-300.45074,1574.4099,-316.31595,1577.8226
92,-299.06998,1577.7692,-316.93655,1577.8407
93,2223.9412,-1255.3376,2224.0864,-1256.391
93,2224.8813,-1281.9679,2224.2075,-1257.4473
93,2223.8115,-1272.3258,2224.2803,-1258.5247
93,2261.2617,-1220.5798,2224.3313,-1259.6077
93,-1.0,-1.0,2224.3494,-1260.682
93,-1.0,-1.0,2224.3462,-1261.7662
93,-1.0,-1.0,2224.294,-1262.8729
93,-1.0,-1.0,2224.2302,-1263.9943
93,-1.0,-1.0,2224.1208,-1265.115
93,-1.0,-1.0,2223.9958,-1266.2571
94,159.4369,-9877.06,160.40424,-9877.05
94,207.97952,-9876.066,161.34875,-9877.038
94,228.38698,-9872.123,162.27681,-9877.026
94,161.98485,-9869.866,163.1775,-9877.012
94,184.478,-9868.811,164.0762,-9876.999
94,193.05542,-9869.028,164.9661,-9876.989
94,168.45879,-9832.892,165.8202,-9876.973
94,199.50604,-9872.354,166.66838,-9876.963
94,171.23485,-9833.15,167.4976,-9876.947
94,175.17686,-9832.858,168.3128,-9876.934
95,347.44217,-10990.017,347.2132,-10990.136
95,340.38217,-10994.552,346.96555,-10990.255
95,333.47964,-10994.866,346.73785,-10990.3545
95,335.13535,-10991.365,346.5049,-10990.45
95,324.66714,-10994.354,346.2782,-10990.537
95,372.7963,-10973.427,346.04654,-10990.616
95,328.02017,-10991.478,345.83127,-10990.687
95,297.3537,-10980.578,345.6384,-10990.739
95,313.5666,-10962.152,345.44147,-10990.792
95,351.89142,-11022.34,345.24176,-10990.842
96,-1649.7103,-8943.577,-1650.7114,-8943.582
96,-1675.7393,-8942.246,-1651.8285,-8943.588
96,-1702.4292,-8950.023,-1652.8687,-8943.583
96,-1693.1077,-8950.887,-1653.917,-8943.578
96,-1711.4484,-8947.174,-1654.967,-8943.58
96,-1694.0809,-8943.741,-1655.9922,-8943.578
96,-1729.8109,-8950.731,-1657.0298,-8943.569
96,-1698.6921,-8982.4,-1658.0636,-8943.563
96,-1680.7385,-8923.4375,-1659.0929,-8943.5625
96,-1694.808,-8910.415,-1660.1295,-8943.561
97,6462.2427,1482.3627,6462.2456,1481.7089
97,6465.739,1440.803,6462.2524,1481.0565
97,6480.511,1421.8545,6462.259,1480.4277
97,6480.9663,1445.2997,6462.268,1479.7692
97,6468.349,1434.8816,6462.275,1479.1183
97,6477.487,1450.8444,6462.289,1478.4536
97,6462.728,1463.1779,6462.296,1477.8248
97,6484.851,1485.9523,6462.3115,1477.1555
97,6487.288,1437.7346,6462.3223,1476.4192
97,6498.375,1482.1472,6462.337,1475.7031
98,975.81146,2024.7189,975.7669,2024.7406
98,963.77905,2025.0905,975.79236,2024.7252
98,974.0041,2030.3297,975.77576,2024.7443
98,885.3969,2038.7494,975.76074,2024.7631
98,963.7343,2017.2029,975.7321,2024.7668
98,998.39764,2014.1687,975.66943,2024.7738
98,952.9025,1994.6698,975.65155,2024.7739
98,963.6475,1951.4126,975.5804,2024.812
98,948.9066,2005.8074,975.5293,2024.8368
98,953.3227,2005.8351,-1.0,-1.0
99,8323.917,1478.6473,8323.652,1478.2639
99,8338.367,1489.1412,8323.382,1477.907
99,8334.596,1497.5814,8323.096,1477.5508
99,8326.486,1508.0283,8322.799,1477.2184
99,8338.005,1506.138,8322.473,1476.8861
99,8327.851,1476.3083,8322.143,1476.5812
99,8328.637,1466.3572,8321.801,1476.305
99,8326.494,1493.9517,8321.449,1476.0316
99,8331.304,1487.3671,8321.084,1475.7809
99,8331.134,1506.4319,8320.713,1475.5426
100,5236.2217,-2534.2747,5236.2188,-2534.4673
100,5255.578,-2563.6416,5236.214,-2534.6511
100,5225.9077,-2546.2017,5236.2173,-2534.811
100,5235.782,-2545.722,5236.215,-2534.9739
100,5240.011,-2547.7463,5236.2173,-2535.105
100,5239.928,-2539.778,5236.2173,-2535.2517
100,5226.1084,-2594.3352,5236.213,-2535.399
100,5243.795,-2591.3928,5236.2134,-2535.5332
100,5247.151,-2590.5554,5236.207,-2535.663
100,5225.6587,-2601.2268,5236.204,-2535.7869
101,4561.6035,-3924.9912,4562.2593,-3925.2925
101,4519.6387,-3904.8708,4562.9116,-3925.5898
101,4589.3735,-3928.515,4563.551,-3925.8838
101,4504.661,-3897.3877,4564.214,-3926.188
101,4575.2617,-3930.121,4564.8667,-3926.4868
101,4594.606,-3897.9097,4565.535,-3926.793
101,4542.635,-3916.1638,4566.226,-3927.1072
101,4539.9478,-3886.5232,4566.924,-3927.4211
101,4541.827,-3883.8242,4567.6274,-3927.7405
101,4574.715,-3901.0144,4568.3354,-3928.0493
102,2570.4788,10209.354,2570.6338,10208.514
102,2576.4155,10230.581,2570.77,10207.67
102,2563.0093,10232.763,2570.895,10206.825
102,2564.41,10227.774,2570.9998,10205.956
102,2551.9802,10225.047,2571.0984,10205.055
102,2547.7864,10233.281,2571.18,10204.151
102,2590.4248,10146.878,2571.2524,10203.227
102,2542.0393,10226.671,2571.323,10202.285
102,2586.236,10212.923,2571.3884,10201.33
102,2590.1335,10213.423,2571.4565,10200.357
103,8399.497,7880.322,8399.524,7879.0283
103,8406.073,7855.3115,8399.547,7877.7188
103,8403.053,7851.9272,8399.574,7876.3975
103,8399.473,7848.8223,8399.595,7875.0938
103,8391.146,7847.9795,8399.619,7873.7686
103,8419.848,7850.6553,8399.642,7872.4277
103,8384.189,7831.0137,8399.667,7871.083
103,8423.323,7844.546,8399.687,7869.7324
103,8423.418,7855.0576,8399.706,7868.3594
103,8419.735,7863.316,8399.732,7866.974
104,275.13803,639.64844,274.97205,638.6902
104,273.98486,697.5524,274.81757,637.7291
104,303.09564,670.80536,274.6671,636.741
104,293.71497,641.0238,274.5298,635.73224
104,287.43515,639.26666,274.3964,634.67523
104,287.37915,648.9275,274.27985,633.63763
104,284.3302,645.51324,274.17157,632.5952
104,287.39194,631.24927,274.07413,631.4996
104,275.5703,615.65137,273.98407,630.4248
104,283.4697,677.663,273.88824,629.3273
105,3010.289,-1018.67224,3010.996,-1019.4096
105,3000.4067,-995.5569,3011.7285,-1020.15393
105,3004.5083,-983.44965,3012.479,-1020.90265
105,3012.8777,-974.907,3013.2441,-1021.65436
105,3039.4626,-948.6345,3014.0332,-1022.41315
105,2951.4758,-963.3262,3014.8396,-1023.1789
105,3034.255,-945.3174,3015.6821,-1023.96497
105,3025.73,-1052.5459,3016.5234,-1024.74
105,3009.139,-1007.21576,3017.3877,-1025.5226
105,3014.3428,-1011.40845,3018.279,-1026.3207
106,-748.9149,2968.4524,-747.4225,2968.2852
106,-673.584,2966.0684,-745.9406,2968.12
106,-769.76514,2970.532,-744.45386,2967.962
106,-761.5342,2980.158,-742.9679,2967.814
106,-785.7318,2979.6575,-741.4705,2967.6667
106,-665.02277,3002.4214,-739.9763,2967.5361
106,-724.40204,2978.493,-738.4705,2967.4065
106,-730.5852,2975.3142,-736.97925,2967.286
106,-713.7787,2971.5916,-735.476,2967.1733
106,-744.76013,2992.6023,-733.9658,2967.07
107,3286.0261,7032.23,3285.6257,7032.5176
107,3276.706,7058.496,3285.246,7032.8213
107,3234.7776,7087.806,3284.8691,7033.143
107,3280.0876,7061.0386,3284.5154,7033.4717
107,3294.513,7035.9106,3284.1843,7033.8076
107,3297.096,7035.969,3283.8774,7034.153
107,3281.0488,7029.0254,3283.589,7034.5044
107,3305.2761,7036.5444,3283.3132,7034.87
107,3307.8784,7036.779,3283.0715,7035.229
107,3312.978,7036.6025,3282.849,7035.5947
108,2562.9253,-1665.4042,2562.8762,-1665.516
108,2567.4712,-1651.1521,2562.8186,-1665.6422
108,2583.9382,-1657.5638,2562.7615,-1665.7648
108,2554.8894,-1647.4924,2562.6973,-1665.8896
108,2555.6912,-1647.4242,2562.6394,-1666.015
108,2557.1812,-1650.3275,2562.5835,-1666.1415
108,2555.3696,-1647.4755,2562.5227,-1666.2739
108,2553.4272,-1646.8331,2562.4558,-1666.41
108,2558.85,-1656.7925,2562.3928,-1666.5524
108,2556.3772,-1641.018,2562.3293,-1666.6882
109,12631.198,8153.1113,12631.201,8153.1055
109,12610.04,8194.923,12631.201,8153.0977
109,12628.611,8213.06,12631.202,8153.106
109,12609.932,8174.1836,12631.203,8153.1055
109,12605.751,8178.487,12631.201,8153.103
109,12624.568,8175.6226,12631.201,8153.1104
109,12624.591,8191.443,12631.2,8153.1177
109,12631.171,8162.598,12631.199,8153.121
109,12624.691,8152.517,12631.2,8153.1196
109,12637.193,8184.0527,12631.201,8153.119
110,-5340.6533,-15489.737,-5340.654,-15489.797
110,-5339.4375,-15501.481,-5340.6597,-15489.873
110,-5367.197,-15462.3545,-5340.6655,-15489.954
110,-5352.782,-15538.4795,-5340.672,-15490.033
110,-5311.197,-15512.27,-5340.6733,-15490.105
110,-5342.476,-15509.513,-5340.6772,-15490.207
110,-5345.686,-15515.4375,-5340.679,-15490.27
110,-5346.2964,-15522.151,-5340.685,-15490.356
110,-5347.19,-15495.951,-5340.6836,-15490.413
110,-5347.0176,-15494.531,-5340.689,-15490.475
111,8532.798,6333.3306,8532.649,6333.338
111,8472.456,6316.0884,8532.509,6333.3364
111,8533.702,6329.991,8532.308,6333.3423
111,8537.636,6326.73,8532.088,6333.339
111,8544.788,6330.3564,8531.832,6333.3525
111,8545.219,6326.979,8531.537,6333.336
111,8539.312,6312.7305,8531.177,6333.3496
111,8524.001,6313.252,8530.819,6333.3384
111,8518.51,6316.759,8530.407,6333.3306
111,8554.144,6326.8276,8530.005,6333.3267
112,8466.801,3051.455,8465.769,3051.4316
112,8494.62,3051.845,8464.731,3051.414
112,8438.339,3039.2502,8463.659,3051.399
112,8457.131,3031.7915,8462.551,3051.386
112,8489.673,3055.5996,8461.423,3051.3694
112,8469.04,3055.6426,8460.259,3051.3494
112,8474.114,3039.3728,8459.071,3051.331
112,8467.903,3048.0317,8457.889,3051.3113
112,8485.359,3032.1487,8456.685,3051.2952
112,8518.02,3051.9133,8455.428,3051.275
113,-12285.033,4830.529,-12286.138,4830.4604
113,-12220.843,4831.345,-12287.311,4830.429
113,-12223.02,4827.8945,-12288.472,4830.393
113,-12221.629,4824.186,-12289.591,4830.3936
113,-12207.512,4834.6313,-12290.684,4830.405
113,-12233.498,4837.3564,-12291.81,4830.3896
113,-12242.349,4824.416,-12292.8,4830.3623
113,-12244.187,4830.833,-12293.937,4830.33
113,-12245.295,4833.952,-12294.99,4830.355
113,-12234.604,4805.887,-12296.059,4830.3286
114,6052.902,-866.5738,6052.6255,-866.83075
114,5996.539,-908.53394,6052.351,-867.0672
114,6009.9214,-900.4558,6052.0835,-867.29004
114,6068.8257,-836.7349,6051.8315,-867.49194
114,6040.514,-891.88043,6051.568,-867.6896
114,6042.952,-897.0351,6051.295,-867.8738
114,6039.938,-902.4011,6051.033,-868.0599
114,6038.034,-902.6386,6050.7837,-868.22296
114,6039.37,-903.06793,6050.5347,-868.37744
114,6028.553,-885.76587,6050.2812,-868.523
115,1917.6058,-11082.369,1917.6044,-11080.821
115,1917.7745,-11126.598,1917.5941,-11079.276
115,1921.5479,-11121.824,1917.5956,-11077.773
115,1917.4578,-11140.75,1917.5927,-11076.292
115,1906.9194,-11107.229,1917.5962,-11074.88
115,1941.9241,-11120.859,1917.5953,-11073.487
115,1897.1677,-11141.315,1917.5968,-11072.102
115,1920.58,-11098.616,1917.5918,-11070.758
115,1947.3533,-11114.563,1917.5844,-11069.454
115,1897.2173,-11101.569,1917.5829,-11068.179
116,4188.525,-3840.0898,4188.4316,-3840.0457
116,4215.226,-3853.1768,4188.359,-3840.0134
116,4172.033,-3802.189,4188.2627,-3839.972
116,4168.3027,-3830.003,4188.1787,-3839.9377
116,4168.22,-3834.1392,4188.079,-3839.9036
116,4167.707,-3825.047,4188.012,-3839.872
116,4177.029,-3830.009,4187.919,-3839.8406
116,4160.23,-3826.2976,4187.8306,-3839.8
116,4176.728,-3833.9426,4187.714,-3839.7515
116,4155.832,-3828.3152,4187.625,-3839.7112
117,-644.85345,-3273.325,-644.84717,-3274.0708
117,-648.33734,-3299.935,-644.8428,-3274.8196
117,-643.64825,-3328.906,-644.8391,-3275.5603
117,-629.16016,-3242.668,-644.8322,-3276.3093
117,-664.25055,-3304.8984,-644.83057,-3277.0413
117,-638.0755,-3305.259,-644.82184,-3277.7607
117,-648.53937,-3283.1042,-644.8181,-3278.486
117,-655.83795,-3279.367,-644.8117,-3279.2249
117,-655.93176,-3286.8357,-644.81433,-3279.9636
117,-656.0078,-3275.7234,-644.80865,-3280.6902
118,-3183.512,-2489.9817,-3183.1274,-2489.989
118,-3150.4717,-2499.6023,-3182.7722,-2490.002
118,-3176.0447,-2439.9478,-3182.4182,-2490.0105
118,-3140.2607,-2468.0825,-3182.128,-2490.0247
118,-3180.6938,-2463.9128,-3181.8362,-2490.038
118,-3185.2842,-2485.6396,-3181.577,-2490.0483
118,-3184.5654,-2479.637,-3181.3088,-2490.0603
118,-3192.786,-2479.7031,-3181.0876,-2490.0833
118,-3181.35,-2464.0771,-3180.874,-2490.0947
118,-3170.6616,-2459.112,-3180.679,-2490.1077
119,5377.5293,10923.042,5377.546,10924.241
119,5378.2354,10964.621,5377.5615,10925.448
119,5345.7334,10924.133,5377.577,10926.6455
119,5389.1807,10973.2295,5377.593,10927.859
119,5381.687,10933.845,5377.609,10929.098
119,5377.087,10944.656,5377.628,10930.332
119,5396.3535,10934.921,5377.6406,10931.569
119,5396.3105,10937.859,5377.66,10932.798
119,5370.114,10923.983,5377.6714,10934.017
119,5366.6626,10948.513,5377.68,10935.267
120,10110.643,9883.593,10111.416,9884.836
120,10142.034,9940.622,10112.173,9886.032
120,10091.004,9844.361,10112.911,9887.212
120,10139.867,9918.702,10113.651,9888.406
120,10126.089,9906.754,10114.397,9889.59
120,10117.827,9900.794,10115.146,9890.769
120,10118.074,9888.588,10115.894,9891.957
120,10158.982,9902.56,10116.6455,9893.151
120,10091.947,9912.646,10117.37,9894.291
120,10096.155,9925.243,10118.102,9895.43
121,-2559.0205,5056.0806,-2558.8992,5057.1216
121,-2579.7402,5061.5625,-2558.7786,5058.1533
121,-2569.588,5044.6836,-2558.6472,5059.199
121,-2572.665,5044.3555,-2558.5159,5060.244
121,-2573.7903,5037.414,-2558.3657,5061.3164
121,-2570.926,5035.7896,-2558.223,5062.4062
121,-2583.8792,5038.523,-2558.066,5063.4834
121,-2552.5503,5055.862,-2557.9072,5064.592
121,-2587.5593,5064.002,-2557.7295,5065.7144
121,-2550.2896,5014.3423,-2557.5464,5066.862
122,-1.5883603,-631.59045,-1.5864944,-631.5942
122,23.349789,-633.8545,-1.6028131,-631.5999
122,-30.517462,-660.90686,-1.6022468,-631.6045
122,8.459626,-624.25366,-1.5958945,-631.5988
122,-5.144882,-616.2635,-1.5966178,-631.5986
122,25.129982,-615.24927,-1.5898402,-631.5986
122,27.984959,-616.02545,-1.5795774,-631.5913
122,5.9784875,-626.96094,-1.574524,-631.59247
122,9.363872,-638.912,-1.5631654,-631.58875
122,23.86744,-618.96027,-1.5282824,-631.5696
123,2532.9807,552.90356,2532.968,551.65454
123,2533.5698,518.2995,2532.965,550.3831
123,2528.9148,533.51135,2532.949,549.1017
123,2529.5422,598.6512,2532.9402,547.8105
123,2533.5427,611.4028,2532.932,546.50366
123,2532.8152,579.4609,2532.9312,545.2039
123,2530.4016,567.00995,2532.9258,543.8707
123,2526.469,556.5738,2532.9158,542.51965
123,2538.5293,584.2776,2532.921,541.1688
123,2566.1475,589.81604,2532.9202,539.8159
124,649.584,4070.9368,649.5839,4070.8584
124,652.8661,4058.0342,649.5918,4070.744
124,666.68146,4070.7048,649.5899,4070.6392
124,634.129,4059.389,649.5955,4070.508
124,620.52216,4055.858,649.5935,4070.388
124,625.2538,4032.7827,649.5984,4070.242
124,683.03546,4028.0403,649.60236,4070.0942
124,697.0555,4058.4514,649.6007,4069.9268
124,685.8792,4027.6206,649.60706,4069.7527
124,688.50085,4028.5256,649.61945,4069.5684
125,327.34995,719.3573,326.95047,719.6087
125,304.01447,752.6697,326.5653,719.85364
125,317.99167,723.81696,326.1669,720.1044
125,346.87442,707.00714,325.76248,720.3574
125,338.66965,711.8829,325.3509,720.6113
125,319.5837,793.26373,324.9133,720.8785
125,306.45154,759.3005,324.4652,721.14276
125,353.9639,702.8624,324.02188,721.408
125,309.8978,750.4832,323.56122,721.6832
125,307.27307,752.9861,323.0859,721.95953
126,3446.46,-8051.4136,3446.0588,-8050.0654
126,3448.3484,-8057.5464,3445.6375,-8048.689
126,3453.8042,-8077.0522,3445.226,-8047.3735
126,3455.8433,-8097.5386,3444.8003,-8046.011
126,3421.9106,-8025.2803,3444.3816,-8044.6855
126,3416.3975,-8010.9995,3443.9485,-8043.339
126,3440.6167,-8054.45,3443.5203,-8042.005
126,3428.011,-8038.558,3443.0747,-8040.6807
126,3433.2693,-8074.6045,3442.6326,-8039.366
126,3471.416,-8062.09,3442.1821,-8038.0483
127,5237.6514,11183.918,5237.648,11183.914
127,5252.4146,11207.263,5237.6543,11183.915
127,5277.2793,11210.5205,5237.6543,11183.915
127,5253.712,11218.683,5237.6543,11183.918
127,5254.1167,11217.962,5237.656,11183.918
127,5241.44,11201.066,5237.659,11183.92
127,5235.3047,11197.984,5237.6523,11183.91
127,5234.5146,11200.753,5237.655,11183.91
127,5234.6826,11191.1875,5237.6494,11183.905
127,5229.806,11194.969,5237.6553,11183.908
128,3555.3494,7847.26,3555.3484,7847.253
128,3582.3352,7885.1606,3555.3474,7847.2373
128,3559.1304,7815.3467,3555.346,7847.227
128,3548.87,7880.038,3555.3457,7847.207
128,3554.0217,7921.6606,3555.344,7847.185
128,3555.265,7859.77,3555.3447,7847.1606
128,3558.294,7870.6113,3555.3445,7847.1323
128,3562.8955,7845.161,3555.345,7847.1016
128,3562.4197,7875.003,3555.347,7847.071
128,3558.9397,7842.8535,3555.3467,7847.034
129,7174.656,4913.9683,7174.7437,4914.502
129,7189.222,4902.493,7174.832,4915.023
129,7141.7515,4943.2847,7174.9146,4915.5396
129,7190.996,4970.2993,7175.006,4916.0703
129,7155.496,4946.3535,7175.0864,4916.587
129,7157.7207,4964.7036,7175.1733,4917.0967
129,7161.077,4943.394,7175.262,4917.606
129,7196.0845,4923.746,7175.3433,4918.1167
129,7163.628,4930.401,7175.4253,4918.6167
129,7154.6143,4924.095,7175.508,4919.1074
130,1028.7587,-2078.3047,1028.535,-2078.0596
130,1067.1417,-2049.0774,1028.2905,-2077.7915
130,1008.38464,-2138.0278,1028.047,-2077.5247
130,1027.4012,-2122.432,1027.7972,-2077.2485
130,1058.3424,-2097.2275,1027.5431,-2076.9753
130,1021.9036,-2038.3967,1027.2886,-2076.6865
130,1053.9471,-2097.3672,1027.0336,-2076.4065
130,1049.408,-2091.4297,1026.7621,-2076.1025
130,1060.4143,-2090.687,1026.4946,-2075.8079
130,1047.4779,-2089.4197,1026.2468,-2075.5317
131,-1203.0382,698.65204,-1204.2125,699.57416
131,-1140.2732,649.1409,-1205.3688,700.4839
131,-1233.374,729.1974,-1206.5245,701.3891
131,-1197.9088,690.3046,-1207.6638,702.2844
131,-1168.4631,667.4714,-1208.8058,703.1755
131,-1229.2711,719.6922,-1209.937,704.06665
131,-1218.0687,731.6475,-1211.0616,704.9509
131,-1203.9893,737.9223,-1212.199,705.8377
131,-1206.9901,737.8219,-1213.3242,706.71857
131,-1155.8597,661.45074,-1214.4302,707.60065
132,-4927.51,-15434.782,-4926.5474,-15434.867
132,-4944.125,-15514.801,-4925.5967,-15434.945
132,-4940.0767,-15431.16,-4924.6357,-15435.015
132,-4954.827,-15514.953,-4923.6636,-15435.087
132,-4892.9937,-15423.071,-4922.6904,-15435.151
132,-4948.3677,-15446.175,-4921.6987,-15435.219
132,-4954.16,-15451.01,-4920.692,-15435.285
132,-4958.1147,-15451.207,-4919.6704,-15435.333
132,-4954.223,-15457.741,-4918.6704,-15435.399
132,-4950.13,-15459.933,-4917.633,-15435.442
133,5222.5225,1864.1677,5222.419,1864.1877
133,5215.9644,1858.7637,5222.316,1864.2211
133,5238.7915,1861.4442,5222.206,1864.2495
133,5229.5703,1857.6932,5222.0884,1864.2864
133,5250.381,1846.5515,5221.9727,1864.3202
133,5253.438,1846.6783,5221.868,1864.363
133,5202.0527,1844.085,5221.722,1864.4143
133,5201.655,1884.2388,5221.5874,1864.4619
133,5205.137,1893.4032,5221.4204,1864.5321
133,5206.3,1819.8854,5221.245,1864.6167
134,1638.5697,-2474.5918,1638.485,-2475.5867
134,1638.1458,-2498.4053,1638.4036,-2476.5803
134,1637.0492,-2461.7048,1638.3334,-2477.5703
134,1646.4248,-2419.8228,1638.266,-2478.552
134,1641.1637,-2440.5808,1638.2058,-2479.5217
134,1631.8528,-2450.6394,1638.1423,-2480.4976
134,1633.7203,-2486.2283,1638.0935,-2481.4783
134,1623.0115,-2487.445,1638.0463,-2482.4478
134,1621.6683,-2482.336,1637.9996,-2483.4214
134,1645.6277,-2465.659,1637.9575,-2484.399
135,2474.241,-1430.8422,2473.081,-1430.2758
135,2437.5176,-1422.7468,2471.9453,-1429.713
135,2470.3396,-1411.1716,2470.8188,-1429.1548
135,2431.5186,-1417.9778,2469.7056,-1428.6046
135,2438.2874,-1423.3618,2468.64,-1428.071
135,2440.8975,-1418.1764,2467.5603,-1427.537
135,2433.2273,-1432.6167,2466.538,-1427.0095
135,2430.0862,-1435.7845,2465.547,-1426.5272
135,2457.1472,-1411.7014,2464.606,-1426.0183
135,2457.5588,-1410.4121,2463.5896,-1425.488
136,-1115.1636,1695.6025,-1115.5355,1696.1586
136,-1107.0972,1689.5988,-1115.888,1696.7247
136,-1095.717,1688.3391,-1116.2164,1697.3008
136,-1117.2666,1772.8213,-1116.5376,1697.904
136,-1110.2559,1714.2688,-1116.8258,1698.5065
136,-1117.914,1714.2698,-1117.1075,1699.134
136,-1124.7894,1715.934,-1117.3628,1699.7604
136,-1125.0228,1707.0854,-1117.5521,1700.2521
136,-1124.5192,1726.0411,-1117.7856,1700.8877
136,-1130.6681,1707.2532,-1118.002,1701.5483
137,-12177.984,9751.035,-12178.008,9751.006
137,-12185.732,9728.548,-12178.034,9750.983
137,-12200.417,9728.657,-12178.05,9750.961
137,-12119.853,9716.62,-12178.073,9750.933
137,-12225.779,9711.262,-12178.095,9750.909
137,-12167.404,9731.1875,-12178.119,9750.883
137,-12171.806,9757.12,-12178.148,9750.843
137,-1.0,-1.0,-12178.165,9750.816
137,-1.0,-1.0,-12178.192,9750.783
137,-1.0,-1.0,-12178.221,9750.749
138,1210.3114,956.1099,1210.216,957.3167
138,1207.84,944.63293,1210.1212,958.5067
138,1210.3434,920.3353,1210.0242,959.69464
138,1199.5609,913.64655,1209.9329,960.8342
138,1208.4512,979.24384,1209.8345,961.9702
138,1200.4911,904.2987,1209.737,963.08
138,1161.2062,933.1333,1209.6362,964.1651
138,1201.2937,896.9833,1209.5432,965.2309
138,1159.9502,970.63086,1209.4438,966.2856
138,-1.0,-1.0,1209.344,967.31726
139,101.23046,-1157.6686,101.237236,-1157.6742
139,101.898705,-1189.9293,101.24982,-1157.6807
139,115.38305,-1177.251,101.2617,-1157.6875
139,115.43999,-1177.5908,101.2812,-1157.6978
139,127.56479,-1167.0151,101.295586,-1157.7125
139,125.84761,-1175.1318,101.31713,-1157.7137
139,127.09295,-1155.6451,101.34353,-1157.7312
139,131.02388,-1177.8987,101.3771,-1157.749
139,115.47711,-1178.0118,101.43152,-1157.7799
139,136.68672,-1181.2998,101.51351,-1157.8192
140,5250.149,3105.685,5250.1514,3105.1133
140,5250.7314,3065.2659,5250.132,3104.4565
140,5254.1655,3061.5193,5250.145,3103.8357
140,5254.4185,3069.3477,5250.1704,3103.22
140,5257.6143,3068.7249,5250.135,3102.517
140,5250.0957,3055.7676,-1.0,-1.0
140,5250.6265,3075.8894,-1.0,-1.0
140,5254.161,3052.9539,-1.0,-1.0
140,5257.6675,3077.5964,-1.0,-1.0
140,5250.968,3048.6274,5250.1475,3100.1162
141,5075.233,4497.1587,5074.832,4497.1978
141,5083.466,4517.2847,5074.469,4497.2314
141,5102.271,4501.5215,5074.064,4497.2847
141,5072.0166,4562.198,5073.7,4497.33
141,5059.481,4526.957,5073.343,4497.3867
141,5121.4272,4516.928,5072.968,4497.441
141,5081.7993,4565.083,5072.6304,4497.5015
141,5081.571,4513.5225,5072.316,4497.5723
141,5084.512,4506.0737,5071.9644,4497.645
141,5078.0664,4507.1006,5071.6523,4497.7163
142,8652.205,-4888.8784,8652.203,-4890.7236
142,8652.676,-4947.301,8652.229,-4892.59
142,8645.767,-4976.3677,8652.24,-4894.4507
142,8652.382,-4909.3384,8652.25,-4896.269
142,8632.101,-4896.9023,8652.258,-4898.0776
142,8633.964,-4924.525,8652.271,-4899.857
142,8625.805,-4905.2646,8652.279,-4901.6436
142,8631.11,-4926.846,8652.29,-4903.399
142,8628.931,-4924.1953,8652.296,-4905.1377
142,8624.404,-4924.4297,8652.303,-4906.8545
143,5672.329,3245.1812,5671.479,3245.1829
143,5685.225,3242.748,5670.6177,3245.1855
143,5658.766,3246.313,5669.7803,3245.1848
143,5639.8135,3242.2903,5668.956,3245.1865
143,5640.1396,3228.6953,5668.125,3245.1885
143,5651.083,3245.2603,5667.302,3245.1887
143,5633.582,3245.1946,5666.4766,3245.1926
143,5621.652,3247.4915,5665.684,3245.1924
143,5616.8647,3235.176,5664.905,3245.1921
143,5631.032,3214.591,5664.149,3245.1973
144,10058.184,4668.6436,10058.312,4668.9766
144,10062.256,4622.1206,10058.4795,4669.3467
144,10033.809,4667.771,10058.676,4669.744
144,10032.174,4654.6587,10058.892,4670.1587
144,10074.354,4692.8447,10059.141,4670.599
144,10017.142,4671.839,10059.4375,4671.053
144,10085.871,4696.811,10059.763,4671.5356
144,10052.432,4662.4243,10060.143,4672.0503
144,10048.941,4655.9785,10060.577,4672.5815
144,10042.585,4653.5815,10061.052,4673.1113
145,9843.769,7881.29,9844.197,7881.992
145,9887.046,7973.3022,9844.672,7882.744
145,9855.384,7908.8125,9845.141,7883.5107
145,9872.693,7933.428,9845.639,7884.3164
145,9863.773,7916.2725,9846.089,7885.068
145,9893.638,7989.0273,9846.6455,7885.9673
145,9846.843,7894.3555,9847.049,7886.6855
145,9913.697,7984.5757,9847.529,7887.485
145,9867.534,7931.3735,9847.998,7888.269
145,9873.361,7916.226,9848.508,7889.1084
146,-8944.195,-8301.575,-8945.622,-8301.924
146,-8912.513,-8296.447,-8947.018,-8302.275
146,-8948.43,-8309.63,-8948.395,-8302.625
146,-8917.829,-8313.325,-8949.749,-8302.975
146,-8930.041,-8280.786,-8951.075,-8303.322
146,-8927.721,-8279.854,-8952.382,-8303.68
146,-8946.767,-8271.634,-8953.683,-8304.032
146,-8925.594,-8279.078,-8954.931,-8304.378
146,-8985.947,-8322.279,-8956.168,-8304.732
146,-8909.205,-8264.829,-8957.381,-8305.084
147,-3457.8928,1720.4572,-3457.0273,1719.8789
147,-3435.1592,1732.2343,-3456.1384,1719.2816
147,-3484.0095,1742.0333,-3455.2505,1718.6896
147,-3489.2593,1741.6279,-3454.3875,1718.1108
147,-3484.572,1733.747,-3453.4976,1717.5214
147,-3422.8894,1721.1748,-3452.6023,1716.9261
147,-3423.2642,1725.0597,-3451.7039,1716.3308
147,-3418.137,1721.6707,-3450.8044,1715.732
147,-3429.9749,1712.8605,-3449.921,1715.1427
147,-3435.8027,1716.9232,-3449.006,1714.5361
148,3690.4885,-4754.1113,3690.554,-4755.0205
148,3698.2334,-4764.8306,3690.6194,-4755.9473
148,3697.887,-4734.0527,3690.6973,-4756.8657
148,3698.4138,-4741.3477,3690.774,-4757.8
148,3694.2356,-4740.166,3690.8633,-4758.757
148,3697.0698,-4711.3613,3690.9434,-4759.7427
148,3688.9543,-4707.6763,3691.034,-4760.708
148,3659.5417,-4773.9575,3691.1265,-4761.704
148,3639.4792,-4707.978,3691.225,-4762.6865
148,3671.9792,-4804.819,3691.3083,-4763.692
149,3297.1223,731.459,3297.123,731.64923
149,3322.2766,737.2144,3297.1396,731.85364
149,3338.196,740.733,3297.147,732.042
149,3350.1782,739.4009,3297.1655,732.2075
149,3290.358,711.8054,3297.18,732.3918
149,3290.4265,763.1928,3297.1992,732.5676
149,3290.2812,769.1765,3297.2236,732.7328
149,-1.0,-1.0,3297.2449,732.92725
149,-1.0,-1.0,3297.2722,733.11505
149,-1.0,-1.0,3297.3005,733.3222
150,3369.8938,-2476.8574,3369.9075,-2477.0554
150,3354.316,-2423.2515,3369.9172,-2477.252
150,3360.0576,-2441.7112,3369.936,-2477.4775
150,3356.7686,-2448.2063,3369.952,-2477.7249
150,3363.4316,-2434.2725,3369.974,-2477.987
150,3367.1062,-2437.012,3369.9883,-2478.259
150,3361.2163,-2453.793,3370.0178,-2478.5312
150,3368.6868,-2451.1326,3370.0415,-2478.8086
150,3358.6565,-2428.64,3370.0684,-2479.1152
150,3364.9526,-2456.4016,3370.0972,-2479.478
151,-471.4263,-1022.2142,-470.36014,-1022.9167
151,-471.48148,-1017.0257,-469.2642,-1023.6377
151,-478.2985,-1008.7233,-468.1738,-1024.357
151,-454.09335,-1037.3992,-467.11453,-1025.0532
151,-527.511,-958.2629,-466.00595,-1025.776
151,-511.36603,-1077.0342,-464.92496,-1026.4856
151,-1.0,-1.0,-463.8264,-1027.2087
151,-1.0,-1.0,-462.7625,-1027.9017
151,-1.0,-1.0,-461.67142,-1028.6091
151,-1.0,-1.0,-460.58887,-1029.3141
152,10195.451,10653.175,10195.437,10652.134
152,10203.086,10698.473,10195.422,10651.071
152,10206.952,10748.746,10195.41,10650.04
152,10199.421,10680.829,10195.399,10649.034
152,10202.803,10670.812,10195.389,10648.027
152,10185.267,10680.294,10195.376,10647.058
152,10185.793,10689.799,10195.362,10646.12
152,10184.665,10672.574,10195.3545,10645.1875
152,10185.811,10692.989,10195.341,10644.287
152,10184.66,10669.427,10195.333,10643.402
153,5298.9644,-3760.4116,5298.5015,-3760.3643
153,5293.488,-3763.1045,5298.047,-3760.3252
153,5284.2627,-3765.9792,5297.603,-3760.297
153,5302.2275,-3776.0383,5297.167,-3760.2686
153,5282.857,-3759.6724,5296.725,-3760.241
153,5282.7627,-3755.947,5296.3228,-3760.22
153,5282.715,-3753.4219,5295.9087,-3760.1958
153,5275.802,-3755.3604,5295.505,-3760.1755
153,5279.1025,-3771.281,5295.0786,-3760.1553
153,5276.315,-3770.874,5294.654,-3760.1387
154,1972.016,387.6597,1972.0215,387.60388
154,1993.3452,384.24673,1972.0239,387.52258
154,1950.6907,383.20084,1972.0283,387.44598
154,2009.8735,384.30493,1972.0359,387.37476
154,1971.273,402.5065,1972.0419,387.3021
154,2001.7504,384.61642,1972.0503,387.22586
154,2002.1982,380.33972,1972.0562,387.1455
154,1975.0741,446.93167,1972.0643,387.0696
154,1979.2614,356.2114,1972.0728,387.00443
154,1923.9862,418.16553,1972.0815,386.93192
155,9998.927,8485.435,9998.14,8485.45
155,10029.651,8476.062,9997.358,8485.463
155,10030.421,8467.628,9996.563,8485.4795
155,10020.838,8509.111,9995.745,8485.493
155,9984.581,8479.762,9994.953,8485.517
155,9992.814,8475.797,9994.14,8485.531
155,10008.169,8477.664,9993.314,8485.555
155,9966.205,8464.62,9992.506,8485.576
155,10015.436,8476.686,9991.6875,8485.606
155,10026.174,8473.774,9990.855,8485.635
156,355.9134,953.5696,355.96277,953.536
156,372.7399,940.2111,356.00467,953.50696
156,376.82846,978.7691,356.04718,953.48047
156,399.10925,935.2853,356.0853,953.44995
156,345.101,997.77185,356.13934,953.41504
156,371.96002,930.6254,356.1949,953.37787
156,373.97223,927.0284,356.24893,953.3367
156,365.67957,932.16644,356.3041,953.29956
156,376.95355,926.2724,356.3621,953.2617
156,368.79883,921.316,356.42593,953.2202
157,-2765.581,1962.8185,-2764.335,1961.7396
157,-2727.9895,1927.6655,-2763.088,1960.6621
157,-2759.8425,1950.895,-2761.8508,1959.5977
157,-2779.6243,1965.8402,-2760.614,1958.5365
157,-2750.3948,1945.5237,-2759.358,1957.4608
157,-2737.1719,1947.5021,-2758.104,1956.4004
157,-2748.2942,1959.7548,-2756.8225,1955.3285
157,-2726.3533,1958.8931,-2755.5627,1954.2705
157,-2736.111,1973.0193,-2754.2837,1953.1989
157,-2724.573,1965.4335,-2752.9875,1952.1266
158,-655.27716,-2476.238,-655.2247,-2478.1733
158,-651.8587,-2438.62,-655.1641,-2480.1296
158,-654.82916,-2430.1885,-655.0701,-2482.092
158,-652.03467,-2469.3203,-654.9841,-2484.0713
158,-655.3216,-2499.7366,-654.88416,-2486.0364
158,-1.0,-1.0,-654.7572,-2488.027
158,-1.0,-1.0,-654.6091,-2490.006
158,-1.0,-1.0,-654.4513,-2492.0027
158,-1.0,-1.0,-654.28766,-2494.004
158,-1.0,-1.0,-654.1157,-2496.0
159,-181.33398,-72.25348,-181.82443,-72.13473
159,-167.49167,-68.079094,-182.35616,-71.99388
159,-199.00288,-81.77771,-182.88567,-71.84189
159,-212.77359,-65.731544,-183.41855,-71.67108
159,-176.7597,-69.070114,-183.95476,-71.486244
159,-154.47665,-90.07322,-184.52869,-71.27787
159,-158.32236,-92.618835,-185.08774,-71.05848
159,-139.20645,-101.30433,-185.66873,-70.802956
159,-135.71515,-127.02602,-186.2551,-70.54722
159,-194.6624,-79.4138,-186.8597,-70.26198
160,-7610.7236,13639.854,-7610.981,13639.838
160,-7613.1426,13643.077,-7611.2266,13639.821
160,-7638.525,13638.693,-7611.46,13639.809
160,-7622.869,13639.244,-7611.71,13639.795
160,-7620.8164,13645.268,-7611.9565,13639.778
160,-7627.1484,13644.98,-7612.1685,13639.767
160,-7630.778,13638.903,-7612.376,13639.754
160,-7632.4033,13644.772,-7612.5767,13639.742
160,-7610.36,13645.951,-7612.78,13639.7295
160,-7604.205,13631.427,-7612.9663,13639.722
161,6529.1094,3058.531,6527.1777,3058.447
161,6486.4604,3053.4724,6525.2437,3058.3645
161,6500.894,3057.4468,6523.314,3058.2878
161,6481.4863,3056.7937,6521.379,3058.2195
161,6451.2915,3052.2585,6519.4434,3058.1458
161,6518.9834,3054.1296,6517.4814,3058.0667
161,6552.175,3056.3162,6515.5293,3057.9958
161,6508.333,2988.1501,6513.5903,3057.9268
161,6520.2334,2985.3438,6511.6367,3057.8545
161,6511.1953,2982.6975,6509.699,3057.7856
162,5847.2163,2141.2197,5846.3267,2141.2087
162,5847.012,2134.2332,5845.424,2141.2126
162,5871.9263,2141.824,5844.488,2141.205
162,5916.3223,2175.1714,5843.8457,2141.223
162,5906.582,2185.8347,5842.775,2141.2107
162,5918.726,2175.5654,5841.838,2141.216
162,5920.632,2191.4949,5841.042,2141.2292
162,5940.022,2126.9873,5840.009,2141.2227
162,5801.478,2144.4841,5839.3374,2141.231
162,5920.529,2196.92,5838.38,2141.23
163,-1658.4292,1349.6975,-1658.2592,1350.0114
163,-1669.9006,1341.0223,-1658.0726,1350.3419
163,-1616.7487,1376.1877,-1657.8748,1350.68
163,-1660.2845,1324.5107,-1657.6533,1351.0267
163,-1598.3245,1372.5481,-1657.3964,1351.3748
163,-1608.3328,1327.0588,-1657.1093,1351.7751
163,-1664.6158,1365.1444,-1656.7809,1352.2129
163,-1650.0048,1372.7727,-1656.4738,1352.607
163,-1644.0775,1361.5679,-1656.1395,1352.9894
163,-1665.4962,1388.8884,-1655.7784,1353.3936
164,5550.3457,-4334.7227,5550.3384,-4334.7803
164,5574.4316,-4372.376,5550.329,-4334.85
164,5534.6074,-4345.1045,5550.3223,-4334.9097
164,5568.188,-4348.1772,5550.3096,-4334.9775
164,5515.6265,-4364.9014,5550.304,-4335.0386
164,5496.0723,-4363.4385,5550.295,-4335.099
164,5505.008,-4366.943,5550.2837,-4335.155
164,5474.041,-4320.385,5550.2793,-4335.196
164,5539.55,-4356.3027,5550.2734,-4335.2505
164,5541.005,-4362.5015,5550.2627,-4335.3213
165,8386.939,6245.8613,8387.1455,6245.731
165,8395.726,6254.0474,8387.339,6245.6016
165,8384.199,6267.093,8387.571,6245.4507
165,8420.402,6219.859,8387.811,6245.287
165,8436.805,6227.218,8388.08,6245.0977
165,8437.347,6213.013,8388.376,6244.874
165,8438.613,6207.3696,8388.685,6244.634
165,8437.486,6204.7734,-1.0,-1.0
165,8402.941,6237.5854,8389.243,6244.1255
165,8395.617,6204.5713,8389.482,6243.8315
166,6373.428,1736.1338,6373.3877,1736.1635
166,6386.861,1740.3812,6373.363,1736.1991
166,6373.642,1735.0006,6373.344,1736.2482
166,6363.2046,1721.7905,6373.2954,1736.28
166,6333.5557,1713.4946,6373.303,1736.3063
166,-1.0,-1.0,6373.2466,1736.3608
166,-1.0,-1.0,6373.202,1736.4075
166,-1.0,-1.0,6373.174,1736.427
166,-1.0,-1.0,6373.1353,1736.4528
166,-1.0,-1.0,6373.091,1736.4823
167,550.9631,-278.50726,550.9686,-278.5073
167,514.2246,-275.82794,550.9576,-278.50812
167,513.9831,-305.5669,550.95966,-278.50424
167,527.60846,-285.37274,550.9723,-278.49942
167,517.3106,-303.6328,550.95953,-278.49786
167,517.52625,-295.91418,550.9566,-278.49353
167,517.2898,-312.65045,550.976,-278.49228
167,517.47015,-286.7717,550.96173,-278.4963
167,521.0633,-283.78412,550.92584,-278.49454
167,544.8115,-308.47784,550.9199,-278.49445
168,2745.1567,-2724.9375,2745.1519,-2724.9395
168,2783.7195,-2654.1584,2745.1519,-2724.9324
168,2740.2012,-2709.9548,2745.1536,-2724.9333
168,2734.0698,-2690.6033,2745.1519,-2724.939
168,2716.3591,-2705.6929,2745.1501,-2724.9324
168,2713.7468,-2703.841,2745.1506,-2724.9377
168,2739.3103,-2741.5273,2745.1538,-2724.9324
168,2754.0874,-2679.384,2745.152,-2724.9385
168,2708.4316,-2692.2837,2745.1467,-2724.9436
168,2735.1655,-2747.8052,2745.1511,-2724.9478
169,-693.64966,1649.8718,-693.44037,1649.9312
169,-703.5874,1663.4828,-693.23694,1649.9847
169,-644.8355,1617.3247,-693.0134,1650.0387
169,-680.75195,1649.3201,-692.77386,1650.0912
169,-716.8034,1644.6294,-692.50446,1650.1377
169,-651.5365,1616.7709,-692.23694,1650.1904
169,-724.51996,1644.3138,-691.9517,1650.2325
169,-646.99054,1613.062,-691.66016,1650.2714
169,-735.4225,1643.7996,-691.3583,1650.3055
169,-737.3731,1642.601,-691.0401,1650.3389
170,2627.8591,518.5921,2627.882,519.49286
170,2632.3408,525.4437,2627.9077,520.4231
170,2637.7327,485.7244,2627.9321,521.3962
170,2633.6118,499.7623,2627.947,522.33936
170,2642.0232,488.3919,2627.9597,523.31116
170,2641.4578,475.72406,2627.98,524.2949
170,2691.1313,453.7327,2628.0027,525.27216
170,2714.1973,489.43906,2628.0107,526.2937
170,2648.1755,500.79242,2628.013,527.29596
170,2648.426,504.9974,2628.0251,528.2999
171,343.60574,-3224.471,343.05957,-3225.198
171,322.9189,-3258.1375,342.5202,-3225.9094
171,326.5135,-3239.4253,341.99405,-3226.603
171,334.1965,-3237.3174,341.46497,-3227.297
171,348.33044,-3228.563,340.9406,-3227.9873
171,300.0169,-3228.9812,340.42447,-3228.6675
171,347.71603,-3259.8647,339.89783,-3229.3457
171,323.04318,-3270.4587,339.37903,-3230.0273
171,293.51965,-3242.8481,338.84622,-3230.7122
171,-1.0,-1.0,338.3128,-3231.4148
172,1283.1714,-3129.375,1283.1643,-3129.4387
172,1259.8313,-3155.9712,1283.1611,-3129.489
172,1272.1337,-3141.6682,1283.1473,-3129.54
172,1263.4734,-3132.153,1283.1477,-3129.5999
172,1269.2821,-3158.2087,1283.1385,-3129.661
172,1260.4918,-3128.791,1283.14,-3129.7095
172,1269.5046,-3161.37,1283.1299,-3129.766
172,1293.3877,-3155.1824,1283.124,-3129.8318
172,1299.2657,-3148.8286,1283.1205,-3129.8752
172,1303.3011,-3132.0234,1283.113,-3129.9382
173,-1513.412,-7416.8325,-1513.4111,-7416.849
173,-1514.864,-7514.4126,-1513.41,-7416.87
173,-1515.9026,-7429.006,-1513.407,-7416.8896
173,-1512.525,-7450.0625,-1513.4047,-7416.9014
173,-1508.6565,-7459.0605,-1513.407,-7416.93
173,-1512.7311,-7436.5215,-1513.4065,-7416.96
173,-1525.3677,-7456.626,-1513.4015,-7416.9917
173,-1522.1519,-7438.349,-1513.4083,-7417.0386
173,-1503.5344,-7462.675,-1513.4116,-7417.073
173,-1527.9436,-7451.855,-1513.4027,-7417.1274
174,3335.9294,110.584274,3336.4204,110.65629
174,3343.754,124.60713,3336.9155,110.72186
174,3339.1985,149.59169,3337.4133,110.78136
174,3319.9976,104.890854,3337.926,110.83489
174,3351.6128,157.88516,3338.445,110.89198
174,3316.5737,100.48805,3338.9695,110.93884
174,3315.9856,150.7778,3339.5076,110.98339
174,3320.037,154.57933,3340.0427,111.02567
174,3377.258,105.92162,3340.5823,111.05965
174,3339.5435,163.30144,3341.1384,111.09218
175,-2051.411,9526.34,-2050.9656,9526.247
175,-2059.3743,9541.323,-2050.4717,9526.133
175,-2054.8936,9520.668,-2049.9758,9526.0205
175,-2041.0619,9512.314,-2049.4685,9525.908
175,-2037.9828,9512.976,-2048.9617,9525.797
175,-2044.5569,9509.919,-2048.444,9525.682
175,-2047.0114,9514.781,-2047.9208,9525.556
175,-2042.007,9504.962,-2047.3894,9525.441
175,-2032.9669,9512.119,-2046.8417,9525.313
175,-2039.5441,9500.031,-2046.289,9525.193
176,6091.699,-335.80942,6091.7417,-334.92313
176,6072.0967,-357.62625,6091.777,-334.07303
176,6059.99,-369.05026,6091.828,-333.1855
176,6059.46,-374.8309,6091.8643,-332.26773
176,6048.174,-360.42166,6091.9136,-331.40396
176,6047.9185,-354.8231,6091.964,-330.50946
176,6046.7793,-369.45422,6092.014,-329.6069
176,6061.8223,-331.30286,6092.0557,-328.70035
176,6047.208,-372.16034,6092.1006,-327.7977
176,6099.157,-368.7366,6092.137,-326.88733
177,-1481.0934,758.8539,-1480.7506,759.36487
177,-1500.5321,750.9713,-1480.4231,759.86096
177,-1506.8009,738.04425,-1480.1106,760.3384
177,-1498.195,733.6445,-1479.7975,760.7874
177,-1486.2477,731.4765,-1479.5222,761.2187
177,-1508.8625,724.90247,-1479.2461,761.6387
177,-1483.6885,732.9598,-1478.9847,762.0462
177,-1493.0493,718.153,-1478.7003,762.45264
177,-1495.0773,714.8282,-1478.4644,762.8176
177,-1520.1349,725.23834,-1478.2196,763.1803
178,9662.149,1679.8177,9664.202,1679.851
178,9672.146,1682.9374,9666.245,1679.8876
178,9627.126,1678.7472,9668.336,1679.9233
178,9680.486,1676.0664,9670.406,1679.9542
178,9695.105,1683.3219,9672.512,1679.986
178,9612.701,1682.1884,9674.608,1680.0225
178,-1.0,-1.0,9676.699,1680.0544
178,-1.0,-1.0,9678.801,1680.0852
178,-1.0,-1.0,9680.9,1680.1101
178,-1.0,-1.0,9683.052,1680.1454
179,-1301.4235,-3067.4316,-1300.5507,-3067.4163
179,-1293.7985,-3063.8733,-1299.6713,-3067.4048
179,-1319.851,-3067.6467,-1298.7869,-3067.3853
179,-1338.488,-3068.0215,-1297.8949,-3067.3696
179,-1299.2875,-3060.145,-1296.9904,-3067.3503
179,-1313.1057,-3063.7498,-1296.0918,-3067.3286
179,-1320.0929,-3064.0125,-1295.1859,-3067.306
179,-1319.4437,-3058.4893,-1294.2455,-3067.2832
179,-1291.6761,-3076.7363,-1293.3119,-3067.2625
179,-1347.6619,-3054.6355,-1292.3687,-3067.2363
180,258.8009,736.4561,258.4109,736.7173
180,281.40735,744.2801,257.98105,736.98096
180,276.27115,747.6432,257.55685,737.2514
180,284.74036,725.30023,257.16876,737.49567
180,296.7606,731.0312,256.794,737.73376
180,301.04224,718.9294,256.42212,737.97424
180,303.30804,715.8454,256.04245,738.20825
180,298.64844,711.5251,255.64104,738.4616
180,319.82294,729.3804,255.28833,738.6896
180,300.99536,707.78357,254.93472,738.89703
181,-664.3696,-3864.7776,-664.3449,-3864.7805
181,-644.1145,-3903.458,-664.3388,-3864.7893
181,-658.6067,-3876.0564,-664.31903,-3864.7908
181,-643.40393,-3880.5435,-664.3129,-3864.8025
181,-658.1496,-3859.1484,-664.2892,-3864.8057
181,-647.4068,-3914.4658,-664.2391,-3864.818
181,-697.47327,-3852.2195,-664.20496,-3864.82
181,-665.418,-3829.2559,-664.1711,-3864.8293
181,-630.07513,-3915.5784,-664.10095,-3864.8413
181,-666.8589,-3827.3066,-664.0228,-3864.8572
182,160.03491,-3506.1758,160.02238,-3505.581
182,153.85591,-3500.836,160.00407,-3505.0002
182,158.96506,-3518.1016,159.97447,-3504.4011
182,157.93193,-3552.043,159.92401,-3503.7883
182,162.20277,-3472.7273,159.86653,-3503.1633
182,87.37835,-3492.1604,159.78697,-3502.5164
182,192.6439,-3476.4302,159.6993,-3501.8535
182,132.86333,-3501.5745,159.59409,-3501.1887
182,130.30812,-3498.3313,159.48325,-3500.521
182,163.29042,-3513.82,159.33887,-3499.841
183,-19023.188,-24377.295,-19023.184,-24377.916
183,-19043.607,-24319.568,-19023.156,-24378.498
183,-19040.674,-24324.107,-19023.13,-24379.082
183,-19078.979,-24318.764,-19023.1,-24379.615
183,-19030.51,-24329.004,-19023.074,-24380.166
183,-18975.422,-24324.525,-19023.055,-24380.701
183,-19018.254,-24333.814,-19023.031,-24381.223
183,-19021.246,-24335.027,-19023.018,-24381.746
183,-19017.932,-24341.42,-19022.996,-24382.242
183,-19002.334,-24319.29,-19022.984,-24382.729
184,6477.8975,2759.287,6477.89,2759.3037
184,6475.826,2787.5525,6477.8677,2759.3367
184,6473.3135,2766.8752,6477.849,2759.3662
184,6504.226,2752.2407,6477.8354,2759.3909
184,6436.134,2778.9902,6477.813,2759.4287
184,6522.372,2802.7148,6477.7856,2759.476
184,6528.155,2802.2678,6477.758,2759.5168
184,6533.3228,2802.7483,6477.7246,2759.571
184,-1.0,-1.0,6477.6895,2759.6265
184,-1.0,-1.0,6477.658,2759.6719
185,1647.3944,-3347.3408,1647.3608,-3346.5203
185,1664.1266,-3333.608,1647.3378,-3345.7349
185,1647.3038,-3336.0164,1647.3156,-3344.9502
185,1642.8535,-3346.4473,1647.2911,-3344.1924
185,1643.036,-3320.4888,1647.272,-3343.4521
185,1665.1381,-3336.0278,1647.2454,-3342.7043
185,1646.6815,-3313.6729,1647.2225,-3342.0227
185,1649.6406,-3312.3167,1647.205,-3341.3298
185,1620.1915,-3331.1348,1647.1841,-3340.6975
185,1630.8608,-3311.9846,1647.1602,-3340.0479
186,1283.6122,257.1381,1283.9214,257.8443
186,1303.9724,242.31673,1284.2197,258.60184
186,1302.4471,239.13663,1284.495,259.3647
186,1281.1449,324.6947,1284.7477,260.1319
186,1293.5009,276.2483,1284.9882,260.93402
186,1287.3632,272.3507,1285.2137,261.73996
186,1283.5858,271.34155,1285.4355,262.5866
186,1280.4608,270.64417,1285.6401,263.42618
186,1285.2269,280.85837,1285.8387,264.259
186,1282.2975,264.22305,1286.0212,265.0897
187,9690.102,2762.8015,9690.109,2762.8018
187,9711.196,2729.3628,9690.133,2762.8047
187,9724.601,2755.9124,9690.149,2762.8022
187,9733.939,2743.0593,9690.198,2762.8044
187,9738.044,2741.9902,9690.218,2762.8054
187,9746.476,2742.4517,9690.246,2762.8052
187,9706.59,2776.2603,9690.259,2762.8037
187,9751.773,2770.1943,9690.298,2762.806
187,9758.075,2734.5898,9690.337,2762.8076
187,9711.9,2808.693,9690.39,2762.8027
188,917.12024,-1827.4911,917.14264,-1827.5145
188,930.80035,-1853.6381,917.1747,-1827.5548
188,914.9272,-1849.4939,917.2272,-1827.602
188,884.1348,-1789.4117,917.2897,-1827.6719
188,965.48773,-1846.2638,917.37604,-1827.7501
188,864.9336,-1779.0946,917.4751,-1827.8448
188,935.15466,-1855.5519,917.58295,-1827.961
188,944.5923,-1865.7128,917.7117,-1828.0988
188,918.60974,-1824.5864,917.8059,-1828.197
188,920.8273,-1822.3982,918.00464,-1828.3905
189,7038.068,627.0069,7038.0684,627.0115
189,7038.3154,618.7523,7038.0703,627.01447
189,7035.383,616.0988,7038.0713,627.00586
189,7054.036,587.3942,7038.066,627.00104
189,7034.6826,624.5462,7038.069,627.0198
189,7034.155,684.34656,7038.0728,627.0304
189,7054.342,685.13855,7038.0728,627.0411
189,7054.077,691.5422,7038.0713,627.0436
189,7049.118,624.3419,7038.076,627.0692
189,7045.972,624.15796,7038.0728,627.0776
190,1213.5315,413.02737,1213.5441,414.93878
190,1212.9946,485.5923,1213.5295,416.85168
190,1216.7008,487.4773,1213.5171,418.81906
190,1217.054,427.57578,1213.507,420.71732
190,1203.6521,423.60864,1213.512,422.5718
190,1270.526,519.53784,1213.5188,424.5057
190,1146.9719,497.24747,1213.535,426.36377
190,1216.617,552.8744,1213.5314,428.32227
190,1282.5262,498.90268,1213.5228,430.22882
190,1282.6372,501.78128,1213.5125,432.14322
191,2.1705322,9806.047,2.126792,9806.961
191,-0.24397896,9782.173,2.0849001,9807.852
191,36.37794,9735.44,2.0530415,9808.736
191,3.9878109,9753.781,2.013346,9809.648
191,8.683727,9738.568,1.9774684,9810.516
191,52.77929,9793.293,1.9531538,9811.435
191,58.871155,9797.4375,1.911001,9812.328
191,39.27289,9690.917,1.8648362,9813.229
191,-1.0,-1.0,1.834611,9814.109
191,-1.0,-1.0,1.8030616,9815.023
192,8599.419,11922.634,8598.994,11922.631
192,8545.646,11915.476,8598.574,11922.625
192,8564.306,11924.539,8598.168,11922.625
192,8574.652,11928.564,8597.77,11922.623
192,8577.725,11931.487,8597.384,11922.616
192,8576.865,11948.826,8597.019,11922.608
192,8533.266,11925.126,8596.671,11922.615
192,8592.804,11940.049,8596.347,11922.613
192,8581.365,11895.65,8596.012,11922.609
192,8557.013,11887.666,8595.708,11922.617
193,10026.906,3100.9502,10026.736,3100.6736
193,10033.093,3135.436,10026.537,3100.3657
193,10016.791,3095.8518,10026.334,3100.071
193,10040.274,3135.5195,10026.108,3099.761
193,10037.018,3130.0596,10025.846,3099.4282
193,10046.83,3134.9797,10025.574,3099.12
193,10036.438,3142.4116,10025.279,3098.8179
193,10040.317,3126.609,10024.953,3098.4753
193,10040.321,3144.7717,10024.603,3098.1238
193,10047.067,3142.8357,10024.228,3097.7886
194,739.67676,1246.8561,737.704,1246.8555
194,822.3709,1250.0273,735.71576,1246.8595
194,774.06055,1246.6431,733.6533,1246.8674
194,774.1414,1253.406,731.6495,1246.874
194,779.09503,1238.1508,729.7065,1246.88
194,763.7382,1250.3103,727.76306,1246.8877
194,794.3447,1222.7744,725.7422,1246.8921
194,815.56134,1253.2987,723.737,1246.8856
194,734.2926,1231.4518,721.78595,1246.8809
194,800.5006,1209.6548,719.7864,1246.8726
195,8417.296,2882.0989,8417.3,2882.1372
195,8416.789,2846.075,8417.296,2882.2002
195,8420.576,2865.4783,8417.299,2882.2542
195,8421.389,2902.2424,8417.302,2882.3137
195,8420.708,2836.098,8417.303,2882.3745
195,8438.218,2889.6135,8417.301,2882.4458
195,8420.613,2828.4675,8417.309,2882.5273
195,8416.929,2872.4631,8417.31,2882.6206
195,8407.474,2867.0073,8417.316,2882.7295
195,8420.776,2885.4265,8417.325,2882.855
196,6446.35,-6129.893,6446.6553,-6126.9155
196,6442.2515,-6172.1553,6446.9517,-6123.9434
196,6439.8765,-6158.347,6447.248,-6120.9517
196,6448.2593,-6147.3003,6447.5312,-6117.9873
196,6441.7646,-6199.885,6447.8096,-6115.0117
196,6437.7676,-6142.588,6448.086,-6112.0293
196,-1.0,-1.0,6448.364,-6109.0513
196,-1.0,-1.0,6448.6445,-6106.0645
196,-1.0,-1.0,6448.9243,-6103.0825
196,-1.0,-1.0,6449.2065,-6100.0903
197,8739.34,10941.301,8739.389,10940.89
197,8743.711,10943.158,8739.434,10940.474
197,8744.123,10914.669,8739.477,10940.062
197,8737.591,10968.843,8739.526,10939.64
197,8700.155,10950.385,8739.568,10939.229
197,8724.144,10901.481,8739.607,10938.817
197,8747.84,10926.412,8739.647,10938.403
197,8755.355,10897.593,8739.681,10937.992
197,8747.186,10934.451,8739.712,10937.586
197,8752.73,10929.097,8739.747,10937.166
198,-1326.9387,2112.4187,-1326.8728,2112.3337
198,-1332.6116,2117.5144,-1326.8037,2112.246
198,-1324.3813,2122.1646,-1326.735,2112.1516
198,-1374.5924,2150.6482,-1326.649,2112.0312
198,-1276.5332,2143.005,-1326.5524,2111.9053
198,-1327.0889,2116.4712,-1326.4556,2111.7646
198,-1323.2349,2117.472,-1326.357,2111.6118
198,-1327.1327,2128.553,-1326.2515,2111.449
198,-1317.1653,2108.9712,-1326.1488,2111.27
198,-1318.5682,2125.7454,-1326.049,2111.0784
199,-336.36264,-395.53714,-336.71414,-396.29382
199,-347.0032,-396.0227,-337.0565,-397.02963
199,-318.75934,-426.48804,-337.4169,-397.7908
199,-322.38782,-365.11014,-337.77542,-398.53342
199,-298.04495,-312.67212,-338.12952,-399.2794
199,-298.21362,-308.09415,-338.4746,-400.0202
199,-314.61716,-351.03433,-338.82614,-400.7673
199,-327.636,-363.12558,-339.17157,-401.5098
199,-326.0543,-366.20593,-339.5347,-402.26422
199,-332.95938,-366.64853,-339.8761,-403.01257
